# char	IDS
# Generated by scripts/extract-structure.ts — do not edit.
# Derived from KanjiVG (c) Ulrich Apel, CC BY-SA 3.0 — https://kanjivg.tagaini.net/
㐭	⿱亠回
㓁	⿱冖儿
㕣	⿱八口
㝵	⿱旦寸
䍃	⿱月缶
䏍	⿱厶月
䙳	⿱覀火
䩗	⿰革月
䩻	⿰革馬
三	⿱一手
丕	⿱不一
个	⿱人丨
主	⿱亠王
乏	⿱丿之
乢	⿰山乙
乱	⿰舌乙
乳	⿰孚乙
乾	⿰𠦝乞
亀	⿱𠂊电
予	⿱マ了
云	⿱二厶
亘	⿱二旦
亚	⿱一业
些	⿱此二
亢	⿱亠几
交	⿱亠父
亥	⿱亠人
亩	⿱亠田
亶	⿱㐭旦
什	⿰亻十
仁	⿰亻二
仂	⿰亻力
仄	⿸厂人
仆	⿰亻卜
仇	⿰亻九
仍	⿰亻乃
从	⿰人人
仏	⿰亻厶
仔	⿰亻子
仕	⿰亻士
他	⿰亻也
仗	⿰亻丈
付	⿰亻寸
仙	⿰亻山
仝	⿱人工
仟	⿰亻千
代	⿰亻弋
仭	⿰亻刄
仮	⿰亻反
仰	⿰亻卬
仲	⿰亻中
件	⿰亻牛
价	⿰亻介
任	⿰亻壬
企	⿱人止
伉	⿰亻亢
伊	⿰亻尹
伍	⿰亻五
伎	⿰亻支
伏	⿰亻犬
伐	⿰亻戈
休	⿰亻木
会	⿱人云
伜	⿰亻卆
伝	⿰亻云
伯	⿰亻白
估	⿰亻古
伴	⿰亻半
伶	⿰亻令
伸	⿰亻申
伺	⿰亻司
似	⿰亻以
伽	⿰亻加
佃	⿰亻田
但	⿰亻旦
佇	⿰亻宁
位	⿰亻立
住	⿰亻主
佐	⿰亻左
佑	⿰亻右
体	⿰亻本
何	⿰亻可
佗	⿰亻它
佚	⿰亻失
佛	⿰亻弗
作	⿰亻乍
佝	⿰亻句
佯	⿰亻羊
佰	⿰亻百
佳	⿰亻圭
併	⿰亻并
佶	⿰亻吉
佻	⿰亻兆
佼	⿰亻交
使	⿰亻吏
侈	⿰亻多
例	⿰亻列
侍	⿰亻寺
侏	⿰亻朱
侑	⿰亻有
侘	⿰亻宅
供	⿰亻共
依	⿰亻衣
侠	⿰亻夾
価	⿰亻覀
侫	⿰亻妄
侭	⿰亻尽
侮	⿰亻毎
侶	⿰亻呂
便	⿰亻更
係	⿰亻系
促	⿰亻足
俄	⿰亻我
俊	⿰亻夋
俐	⿰亻利
俑	⿰亻甬
俔	⿰亻見
俗	⿰亻谷
俘	⿰亻孚
俚	⿰亻里
俛	⿰亻免
保	⿰亻呆
俟	⿰亻矣
信	⿰亻言
俤	⿰亻弟
俥	⿰亻車
俯	⿰亻府
俱	⿰亻具
俳	⿰亻非
俵	⿰亻表
俶	⿰亻叔
俸	⿰亻奉
俺	⿰亻奄
倅	⿰亻卒
倆	⿰亻兩
個	⿰亻固
倍	⿰亻咅
們	⿰亻門
倒	⿰亻到
倔	⿰亻屈
倖	⿰亻幸
倚	⿰亻奇
借	⿰亻昔
倠	⿰亻隹
倡	⿰亻昌
倣	⿰亻放
値	⿰亻直
倥	⿰亻空
倦	⿰亻卷
倨	⿰亻居
倩	⿰亻青
倪	⿰亻兒
倫	⿰亻侖
倬	⿰亻卓
倭	⿰亻委
倶	⿰亻具
倹	⿰亻㑒
假	⿰亻叚
偈	⿰亻曷
偉	⿰亻韋
偏	⿰亻扁
偐	⿰亻彦
偕	⿰亻皆
偖	⿰亻者
做	⿰亻故
停	⿰亻亭
健	⿰亻建
偬	⿰亻怱
偲	⿰亻思
側	⿰亻則
偵	⿰亻貞
偶	⿰亻禺
偸	⿰亻兪
偽	⿰亻為
傀	⿰亻鬼
傅	⿰亻尃
傍	⿰亻旁
傑	⿰亻桀
傚	⿰亻效
催	⿰亻崔
傭	⿰亻庸
傲	⿰亻敖
傳	⿰亻專
傴	⿰亻區
債	⿰亻責
傷	⿰亻𬀷
傾	⿰亻頃
僂	⿰亻婁
働	⿰亻動
像	⿰亻象
僑	⿰亻喬
僕	⿰亻菐
僖	⿰亻喜
僚	⿰亻尞
僞	⿰亻爲
僣	⿰亻替
僥	⿰亻堯
僧	⿰亻曽
僮	⿰亻童
僵	⿰亻畺
價	⿰亻賈
僻	⿰亻辟
儀	⿰亻義
儁	⿰亻雋
儂	⿰亻農
億	⿰亻意
儉	⿰亻僉
儒	⿰亻需
儔	⿰亻壽
儕	⿰亻齊
儖	⿰亻監
儘	⿰亻盡
儚	⿰亻夢
償	⿰亻賞
優	⿰亻憂
儲	⿰亻諸
儷	⿰亻麗
儺	⿰亻難
儻	⿰亻黨
儼	⿰亻嚴
兀	⿱一儿
允	⿱厶儿
元	⿱二儿
兄	⿱口儿
兇	⿱凶儿
光	⿱⺌兀
克	⿱古兄
兌	⿱八兄
児	⿱旧儿
兒	⿱臼儿
党	⿱尚兄
兢	⿰克克
全	⿱人王
公	⿱八厶
六	⿱亠八
共	⿱龷八
关	⿱丷天
兵	⿱丘八
典	⿱曲八
冀	⿱北異
冐	⿱日月
冑	⿱由月
冒	⿱日目
冓	⿱三再
冕	⿱日免
冗	⿱冖几
写	⿱冖与
冢	⿱冖豕
冤	⿱冖兔
冨	⿱冖畐
冪	⿱冖幕
冫	⿱丶丶
冬	⿱夂冫
冰	⿰冫水
冱	⿰冫互
冲	⿰冫中
决	⿰冫夬
冴	⿰冫牙
况	⿰冫兄
冶	⿰冫台
冷	⿰冫令
冽	⿰冫列
凄	⿰冫妻
凅	⿰冫固
准	⿰冫隹
凉	⿰冫京
凋	⿰冫周
凍	⿰冫東
凛	⿰冫禀
凜	⿰冫稟
凝	⿰冫疑
処	⿺夂几
凪	⿴几止
凭	⿱任几
凱	⿰豈几
凶	⿴凵乂
分	⿱八刀
切	⿰七刀
刈	⿰乂刂
刊	⿰干刂
刋	⿰千刂
刎	⿰勿刂
刑	⿰开刂
刔	⿰夬刂
列	⿰歹刂
初	⿰衤刀
判	⿰半刂
刧	⿰去刀
利	⿰禾刂
刪	⿰冊刂
刮	⿰舌刂
到	⿰至刂
刳	⿰夸刂
券	⿱𠔉刀
刺	⿰朿刂
刻	⿰亥刂
剃	⿰弟刂
剄	⿰巠刂
則	⿰貝刂
削	⿰肖刂
剋	⿺克刂
剌	⿰束刂
剏	⿰并刄
剔	⿰易刂
剖	⿰咅刂
剛	⿰岡刂
剞	⿰奇刂
剣	⿰㑒刂
剤	⿰斉刂
剩	⿰乘刂
剪	⿱前刀
副	⿰畐刂
剰	⿰乗刂
剱	⿰㑒刄
割	⿰害刂
剳	⿰荅刂
剴	⿰豈刂
創	⿰倉刂
剽	⿰票刂
剿	⿰巢刂
劃	⿰畫刂
劇	⿰豦刂
劈	⿱辟刀
劍	⿰僉刂
劑	⿰齊刂
劔	⿰僉刄
功	⿰工力
加	⿰力口
劣	⿱少力
助	⿰且力
努	⿱奴力
劫	⿰去力
劬	⿰句力
劭	⿰召力
劵	⿱𠔉氺
効	⿰交力
劼	⿰吉力
劾	⿰亥力
勁	⿰巠力
勃	⿰孛力
勅	⿰束力
勇	⿱マ男
勉	⿺免力
勍	⿰京力
勒	⿰革力
動	⿰重力
勗	⿱日助
勘	⿰甚力
勝	⿰月劵
勞	⿱𤇾力
募	⿱莫力
勠	⿰翏力
勢	⿱埶力
勣	⿰責力
勤	⿰菫力
勦	⿰巢力
勲	⿱動灬
勳	⿰熏力
匏	⿰夸包
化	⿰亻匕
匙	⿺是匕
千	⿱丿十
卆	⿱九十
卉	⿱十廾
卓	⿱卜早
協	⿰十劦
単	⿱⺍甲
博	⿰十尃
卞	⿱亠下
占	⿱卜口
卦	⿰圭卜
危	⿱𠂊厄
即	⿰艮卩
却	⿰去卩
卻	⿰谷卩
厄	⿸厂卩
厓	⿸厂圭
厖	⿸厂尨
厘	⿸厂里
厠	⿸厂則
厦	⿸厂夏
厩	⿸厂既
厮	⿸厂斯
厰	⿸厂敞
去	⿱土厶
參	⿱𠫯彡
友	⿴𠂇又
双	⿰又又
叔	⿰尗又
取	⿰耳又
叙	⿰余又
叛	⿰半反
叟	⿱申又
叡	⿰睿又
古	⿱十口
叨	⿰口刀
叩	⿰口卩
只	⿱口八
叫	⿰口丩
召	⿱刀口
叭	⿰口八
叮	⿰口丁
台	⿱厶口
叱	⿰口七
叶	⿰口十
叺	⿰口入
吁	⿰口于
吃	⿰口乞
各	⿱夂口
吉	⿱士口
吊	⿱口巾
吋	⿰口寸
名	⿱夕口
吐	⿰口土
君	⿸尹口
吝	⿱文口
吞	⿱夭口
吟	⿰口今
吠	⿰口犬
否	⿱不口
吩	⿰口分
含	⿱今口
听	⿰口斤
吭	⿰口亢
吮	⿰口允
吶	⿰口内
吸	⿰口及
吹	⿰口欠
吻	⿰口勿
吼	⿰口孔
吽	⿰口牛
吾	⿱五口
呀	⿰口牙
呆	⿱口木
呈	⿱口王
告	⿱牛口
呎	⿰口尺
呑	⿱夭口
呟	⿰口玄
呪	⿰口兄
呰	⿱此口
呱	⿰口瓜
味	⿰口未
呵	⿰口可
呶	⿰口奴
呷	⿰口甲
呻	⿰口申
呼	⿰口乎
咀	⿰口且
咄	⿰口出
咅	⿱立口
咆	⿰口包
咋	⿰口乍
和	⿰禾口
咏	⿰口永
咐	⿰口付
咠	⿱口耳
咤	⿰口宅
咥	⿰口至
咨	⿱次口
咫	⿺尺只
咬	⿰口交
咯	⿰口各
咲	⿰口关
咳	⿰口亥
咼	⿴冎口
咽	⿰口因
咾	⿰口老
品	⿰口口
哂	⿰口西
哄	⿰口共
哇	⿰口圭
哈	⿰口合
哘	⿰口行
員	⿱口貝
哢	⿰口弄
哥	⿱可可
哦	⿰口我
哨	⿰口肖
哩	⿰口里
哮	⿰口孝
哲	⿱折口
哺	⿰口甫
哽	⿰口更
唄	⿰口貝
唆	⿰口夋
唇	⿱辰口
唏	⿰口希
唔	⿰口吾
唖	⿰口亜
售	⿱隹口
唯	⿰口隹
唱	⿰口昌
唳	⿰口戻
唸	⿰口念
唹	⿰口於
唾	⿰口垂
啀	⿰口厓
啄	⿰口豕
啅	⿰口卓
商	⿱立冏
啌	⿰口空
啖	⿰口炎
啗	⿰口臽
啝	⿰口和
啣	⿰口卸
啻	⿱帝口
啼	⿰口帝
啾	⿰口秋
喀	⿰口客
喃	⿰口南
喇	⿰口剌
喉	⿰口侯
喊	⿰口咸
喋	⿰口枼
喘	⿰口耑
喙	⿰口彖
喚	⿰口奐
喝	⿰口曷
喞	⿰口即
喟	⿰口胃
喧	⿰口宣
喨	⿰口亮
喩	⿰口兪
喫	⿰口契
喬	⿱呑冋
喰	⿰口食
喻	⿰口兪
喿	⿱品木
嗄	⿰口夏
嗇	⿱巫回
嗔	⿰口眞
嗚	⿰口烏
嗜	⿰口耆
嗟	⿰口差
嗤	⿰口蚩
嗷	⿰口敖
嗹	⿰口連
嗾	⿰口族
嘔	⿰口區
嘖	⿰口責
嘗	⿱尚旨
嘘	⿰口虚
嘛	⿰口麻
嘩	⿰口華
嘯	⿰口肅
嘱	⿰口属
嘲	⿰口朝
嘴	⿰口觜
嘶	⿰口斯
嘸	⿰口無
噂	⿰口尊
噌	⿰口曽
噎	⿰口壹
噓	⿰口虚
噛	⿰口歯
噤	⿰口禁
噪	⿰口喿
噫	⿰口意
噬	⿰口筮
噴	⿰口賁
噸	⿰口頓
噺	⿰口新
嚀	⿰口寧
嚆	⿰口蒿
嚇	⿰口赫
嚊	⿰口鼻
嚔	⿰口𤴡
嚠	⿰口劉
嚥	⿰口燕
嚮	⿱郷向
嚶	⿰口嬰
嚼	⿰口爵
囀	⿰口轉
囁	⿰口聶
囃	⿰口雜
囈	⿰口藝
囎	⿰口贈
囑	⿰口屬
囓	⿰口齧
圣	⿱又土
圦	⿰土入
圧	⿸厂土
圭	⿱土土
地	⿰土也
圷	⿰土下
圸	⿰土山
圻	⿰土斤
址	⿰土止
坂	⿰土反
均	⿰土匀
坊	⿰土方
坎	⿰土欠
坏	⿰土不
坑	⿰土亢
坡	⿰土皮
坤	⿰土申
坦	⿰土旦
坩	⿰土甘
坪	⿰土平
坿	⿰土付
垈	⿱代土
垉	⿰土包
型	⿱刑土
垓	⿰土亥
垔	⿱覀土
垠	⿰土艮
垢	⿰土后
垣	⿰土亘
垤	⿰土至
垪	⿰土并
垳	⿰土行
埃	⿰土矣
埆	⿰土角
埋	⿰土里
城	⿰土成
埔	⿰土甫
埖	⿰土花
埜	⿱林土
域	⿰土或
埠	⿰土阜
埣	⿰土卒
埴	⿰土直
埵	⿰土垂
執	⿰幸丸
培	⿰土咅
基	⿱其土
埼	⿰土奇
堀	⿰土屈
堂	⿱尚土
堆	⿰土隹
堊	⿱亞土
堋	⿰土朋
堕	⿱陏土
堙	⿰土垔
堝	⿰土咼
堡	⿱保土
堤	⿰土是
堪	⿰土甚
場	⿰土昜
堵	⿰土者
堺	⿰土界
塀	⿰土屏
塊	⿰土鬼
塋	⿱𤇾土
塑	⿱朔土
塒	⿰土時
塔	⿰土荅
塗	⿱涂土
塘	⿰土唐
塙	⿰土高
塚	⿰土冢
塡	⿰土眞
塢	⿰土烏
填	⿰土真
塰	⿱海土
塲	⿰土𬀷
塵	⿸鹿土
塹	⿱斬土
塾	⿱孰土
境	⿰土竟
墅	⿱野土
墓	⿱莫土
増	⿰土曽
墜	⿱隊土
墟	⿰土虚
墨	⿱黒土
墫	⿰土尊
墮	⿱隋土
墳	⿰土賁
墸	⿰土著
墹	⿰土間
墺	⿰土奧
墻	⿰土嗇
壁	⿱辟土
壅	⿱雍土
壇	⿰土亶
壌	⿰土㐮
壑	⿱㕡土
壓	⿱厭土
壕	⿰土豪
壗	⿰土盡
壙	⿰土廣
壜	⿰土曇
壟	⿱龍土
壤	⿰土襄
壮	⿰⺦士
壯	⿰爿士
壺	⿱士亞
壻	⿰士胥
处	⿰夂人
夆	⿱夂丰
変	⿱亦夂
夋	⿱允夂
复	⿳𠂉日夂
外	⿰夕卜
夗	⿰夕卩
夘	⿰夕卩
夙	⿴几歹
多	⿱夕夕
夛	⿱⺕夕
夥	⿰果多
天	⿱一大
太	⿱大丶
夲	⿱大十
奄	⿱大电
奇	⿱大可
奈	⿱大示
奎	⿱大圭
奏	⿱𡗗天
奔	⿱大卉
奕	⿱亦大
套	⿱大長
奘	⿱壯大
奞	⿱大隹
奠	⿱酋大
奢	⿱大者
奨	⿱将大
奩	⿱大區
奪	⿱奞寸
奬	⿱將大
奮	⿱奞田
奴	⿰女又
奸	⿰女干
好	⿰女子
妁	⿰女勺
如	⿰女口
妃	⿰女己
妄	⿱亡女
妊	⿰女壬
妍	⿰女开
妓	⿰女支
妖	⿰女夭
妙	⿰女少
妝	⿰爿女
妣	⿰女比
妥	⿱⺤女
妨	⿰女方
妬	⿰女石
妲	⿰女旦
妹	⿰女未
妾	⿱立女
姆	⿰女母
姉	⿰女市
始	⿰女台
姐	⿰女且
姑	⿰女古
姓	⿰女生
委	⿱禾女
姙	⿰女任
姚	⿰女兆
姜	⿱羊女
姥	⿰女老
姨	⿰女夷
姪	⿰女至
姫	⿰女臣
姶	⿰女合
姻	⿰女因
姿	⿱次女
娃	⿰女圭
娄	⿱米女
娉	⿰女甹
娑	⿱沙女
娘	⿰女良
娚	⿰女男
娜	⿰女那
娟	⿰女肙
娠	⿰女辰
娥	⿰女我
娩	⿰女免
娯	⿰女呉
娵	⿰女取
娶	⿱取女
娼	⿰女昌
婀	⿰女阿
婆	⿱波女
婉	⿰女宛
婚	⿰女昏
婦	⿰女帚
婪	⿱林女
婿	⿰女胥
媒	⿰女某
媚	⿰女眉
媛	⿰女爰
媼	⿰女𥁕
媽	⿰女馬
媾	⿰女冓
嫁	⿰女家
嫂	⿰女叟
嫉	⿰女疾
嫋	⿰女弱
嫌	⿰女兼
嫐	⿰娚女
嫖	⿰女票
嫗	⿰女區
嫡	⿰女啇
嫣	⿰女焉
嫦	⿰女常
嫩	⿰女敕
嫺	⿰女間
嫻	⿰女閑
嬉	⿰女喜
嬋	⿰女單
嬌	⿰女喬
嬖	⿱辟女
嬢	⿰女㐮
嬪	⿰女賓
嬬	⿰女需
嬲	⿰男娚
嬶	⿰女鼻
嬾	⿰女頼
孀	⿰女霜
孃	⿰女襄
孅	⿰女韱
孔	⿰子乙
孕	⿱乃子
字	⿱宀子
孚	⿱⺤子
孜	⿰子攵
孟	⿱子皿
季	⿱禾子
孤	⿰子瓜
孥	⿱奴子
孩	⿰子亥
孫	⿰子系
孰	⿰享丸
孳	⿱茲子
孵	⿰卵孚
學	⿱𦥯子
孺	⿰子需
宁	⿱宀丁
它	⿱宀匕
宅	⿱宀乇
宇	⿱宀于
守	⿱宀寸
安	⿱宀女
宋	⿱宀木
完	⿱宀元
宍	⿱宀六
宕	⿱宀石
宗	⿱宀示
宙	⿱宀由
定	⿱宀疋
宛	⿱宀夗
宜	⿱宀且
宝	⿱宀玉
実	⿱宀𡗗
客	⿱宀各
宣	⿱宀亘
室	⿱宀至
宥	⿱宀有
宦	⿱宀臣
宮	⿱宀呂
宰	⿱宀辛
宵	⿱宀肖
家	⿱宀豕
宸	⿱宀辰
容	⿱宀谷
宿	⿱宀佰
寂	⿱宀叔
寃	⿱宀兔
寄	⿱宀奇
密	⿱宓山
寉	⿱宀隹
富	⿱宀畐
寓	⿱宀禺
寔	⿱宀是
寛	⿱宀莧
寞	⿱宀莫
察	⿱宀祭
寤	⿱宀𤕻
寥	⿱宀翏
實	⿱宀貫
寧	⿱寍丁
審	⿱宀番
寫	⿱宀舄
寮	⿱宀尞
寰	⿱宀睘
寵	⿱宀龍
寺	⿱土寸
対	⿰文寸
封	⿰圭寸
射	⿰身寸
尅	⿺克寸
尊	⿱酋寸
導	⿱道寸
尓	⿱𠂉小
尖	⿱小大
尗	⿱上小
尚	⿱⺌冋
尠	⿰甚少
就	⿰京尤
尻	⿸尸九
尼	⿸尸匕
尽	⿱尺冫
尾	⿸尸毛
尿	⿸尸水
局	⿸尸句
屁	⿸尸比
居	⿸尸古
屈	⿸尸出
届	⿸尸由
屋	⿸尸至
屍	⿸尸死
屎	⿸尸米
屏	⿸尸并
屑	⿸尸肖
屓	⿸尸貝
属	⿸尸禹
屠	⿸尸者
屡	⿸屎娄
層	⿸尸曽
履	⿸尸復
屶	⿱山刀
屹	⿰山乞
岌	⿱山及
岐	⿰山支
岑	⿱山今
岔	⿱分山
岨	⿰山且
岩	⿱山石
岫	⿰山由
岬	⿰山甲
岱	⿱代山
岳	⿱丘山
岶	⿰山白
岷	⿰山民
岼	⿰山平
岾	⿰山占
峅	⿰山弁
峇	⿱山合
峙	⿰山寺
峡	⿰山夹
峨	⿰山我
峩	⿱山我
峪	⿰山谷
峭	⿰山肖
峯	⿱山夆
峰	⿰山夆
峺	⿰山更
峻	⿰山夋
峽	⿰山夾
崇	⿱山宗
崎	⿰山奇
崑	⿱山昆
崔	⿱山隹
崖	⿱山厓
崗	⿱山岡
崘	⿰山侖
崙	⿱山侖
崛	⿰山屈
崟	⿱山金
崢	⿰山爭
崩	⿱山朋
嵋	⿰山眉
嵎	⿰山禺
嵐	⿱山風
嵒	⿱品山
嵜	⿱山竒
嵩	⿱山高
嵬	⿱山鬼
嵯	⿰山差
嵳	⿱山差
嵶	⿰山弱
嶂	⿰山章
嶄	⿱山斬
嶇	⿰山區
嶋	⿰山鳥
嶌	⿱山鳥
嶐	⿱山隆
嶝	⿰山登
嶢	⿰山堯
嶬	⿰山義
嶮	⿰山僉
嶷	⿱山疑
嶺	⿱山領
嶼	⿰山與
嶽	⿱山獄
巂	⿱崔冏
巉	⿰山毚
巌	⿱山厳
巍	⿱山魏
巒	⿱䜌山
巓	⿱山顛
巖	⿱山嚴
巡	⿺⻌巛
巣	⿱⺍果
巧	⿰工丂
巷	⿱共己
巸	⿰𦣝巳
巻	⿱𠔉己
市	⿱亠巾
帆	⿰巾凡
帋	⿱氏巾
希	⿱乂布
帑	⿱奴巾
帖	⿰巾占
帙	⿰巾失
帛	⿱白巾
帰	⿰刂帚
帳	⿰巾長
帷	⿰巾隹
常	⿱尚吊
帽	⿰巾冒
幀	⿰巾貞
幃	⿰巾韋
幄	⿰巾屋
幅	⿰巾畐
幇	⿱封巾
幌	⿰巾晃
幎	⿰巾冥
幔	⿰巾曼
幕	⿱莫巾
幗	⿰巾國
幡	⿰巾番
幢	⿰巾童
幣	⿱敝巾
幤	⿱敞巾
幵	⿰干干
幼	⿰幺力
庁	⿸广丁
広	⿸广厶
庄	⿸广土
庇	⿸广比
床	⿸广木
序	⿸广予
底	⿸广氐
庖	⿸广包
店	⿸广占
府	⿸广付
庠	⿸广羊
座	⿸广坐
庫	⿸广車
庭	⿸广廷
庵	⿸广奄
康	⿸广隶
廁	⿸广則
廂	⿸广相
廃	⿸广発
廈	⿸广夏
廉	⿸广兼
廊	⿸广郎
廏	⿸广𣪘
廓	⿸广郭
廖	⿸广翏
廝	⿸广斯
廟	⿸广朝
廠	⿸广敞
廡	⿸广無
廢	⿸广發
廣	⿸广黃
廨	⿸广解
廩	⿸广稟
廬	⿸广盧
廰	⿸广聴
廱	⿸广雝
廳	⿸广聽
延	⿺廴正
廷	⿺廴壬
廸	⿺廴由
建	⿺廴聿
廻	⿺廴回
廼	⿺廴西
弁	⿱厶廾
弃	⿱亠弁
弄	⿱王廾
弉	⿱壯廾
弊	⿱敝廾
引	⿰弓丨
弖	⿱弓一
弘	⿰弓厶
弛	⿰弓也
弥	⿰弓尓
弦	⿰弓玄
弧	⿰弓瓜
弩	⿱奴弓
弭	⿰弓耳
弯	⿱亦弓
張	⿰弓長
弸	⿰弓朋
弾	⿰弓単
彁	⿰弓哥
彈	⿰弓單
彊	⿰弓畺
彌	⿰弓爾
彎	⿱䜌弓
当	⿱⺌⺕
彖	⿱彑豕
彜	⿱彑𪪷
形	⿰开彡
彩	⿰采彡
彪	⿺虎彡
彫	⿰周彡
彬	⿰林杉
彭	⿰壴彡
彰	⿰章彡
影	⿰景彡
彷	⿰彳方
役	⿰彳殳
彼	⿰彳皮
彿	⿰彳弗
往	⿰彳主
征	⿰彳正
徂	⿰彳且
徃	⿰彳生
径	⿰彳圣
待	⿰彳寺
徇	⿰彳旬
很	⿰彳艮
徊	⿰彳回
律	⿰彳聿
徐	⿰彳余
徑	⿰彳巠
徒	⿰彳走
得	⿰彳㝵
徘	⿰彳非
徙	⿰彳歨
徠	⿰彳來
御	⿰彳卸
徨	⿰彳皇
復	⿰彳复
循	⿰彳盾
徭	⿰彳䍃
徼	⿰彳敫
忌	⿱己心
忍	⿱刃心
忖	⿰忄寸
志	⿱士心
忘	⿱亡心
忙	⿰忄亡
応	⿸广心
忝	⿱夭⺗
忠	⿱中心
忤	⿰忄午
忩	⿱公心
快	⿰忄夬
忰	⿰忄卆
忱	⿰忄冘
念	⿱今心
忸	⿰忄丑
忻	⿰忄斤
忽	⿱勿心
忿	⿱分心
怎	⿱乍心
怏	⿰忄央
怐	⿰忄句
怒	⿱奴心
怕	⿰忄白
怖	⿰忄布
怙	⿰忄古
怛	⿰忄旦
怜	⿰忄令
思	⿱田心
怠	⿱台心
怡	⿰忄台
怦	⿰忄平
性	⿰忄生
怨	⿱夗心
怩	⿰忄尼
怪	⿰忄圣
怫	⿰忄弗
怯	⿰忄去
怱	⿱匆心
怺	⿰忄永
恁	⿱任心
恂	⿰忄旬
恃	⿰忄寺
恆	⿰忄亙
恊	⿰忄劦
恋	⿱亦心
恍	⿰忄光
恒	⿰忄亘
恕	⿱如心
恙	⿱羊心
恚	⿱圭心
恟	⿰忄匈
恠	⿰忄在
恢	⿰忄灰
恣	⿱次心
恤	⿰忄血
恥	⿰耳心
恨	⿰忄艮
恩	⿱因心
恪	⿰忄各
恫	⿰忄同
恬	⿰忄舌
恭	⿱共⺗
息	⿱自心
恰	⿰忄合
恷	⿱休心
悁	⿰忄肙
悃	⿰忄困
悄	⿰忄肖
悉	⿱釆心
悋	⿰忄吝
悌	⿰忄弟
悍	⿰忄旱
悒	⿰忄邑
悔	⿰忄毎
悖	⿰忄孛
悗	⿰忄免
悚	⿰忄束
悛	⿰忄夋
悟	⿰忄吾
悠	⿱攸心
患	⿱串心
悦	⿰忄兌
悧	⿰忄利
悪	⿱亜心
悲	⿱非心
悳	⿱直心
悴	⿰忄卒
悵	⿰忄長
悸	⿰忄季
悼	⿰忄卓
悽	⿰忄妻
情	⿰忄青
惆	⿰忄周
惇	⿰忄享
惑	⿱或心
惓	⿰忄卷
惘	⿰忄罔
惚	⿰忄忽
惜	⿰忄昔
惟	⿰忄隹
惡	⿱亞心
惣	⿱物心
惧	⿰忄具
惨	⿰忄参
想	⿱相心
惴	⿰忄耑
惶	⿰忄皇
惷	⿱春心
惹	⿱若心
惺	⿰忄星
惻	⿰忄則
愀	⿰忄秋
愁	⿱秋心
愃	⿰忄宣
愆	⿱衍心
愈	⿱兪心
愉	⿰忄兪
愎	⿰忄复
意	⿱音心
愕	⿰忄咢
愚	⿱禺心
感	⿱咸心
愡	⿰忄怱
愧	⿰忄鬼
愬	⿱朔心
愴	⿰忄倉
愼	⿰忄眞
愽	⿰忄尃
愾	⿰忄氣
愿	⿱原心
慂	⿱涌心
慄	⿰忄栗
慇	⿱殷心
慈	⿱兹心
慊	⿰忄兼
態	⿱能心
慌	⿰忄荒
慍	⿰忄𥁕
慎	⿰忄真
慓	⿰忄票
慕	⿱莫⺗
慘	⿰忄參
慙	⿱斬心
慚	⿰忄斬
慝	⿱匿心
慟	⿰忄動
慢	⿰忄曼
慣	⿰忄貫
慥	⿰忄造
慧	⿱彗心
慨	⿰忄既
慫	⿱從心
慮	⿸虍思
慯	⿰忄𬀷
慰	⿱尉心
慱	⿰忄專
慳	⿰忄堅
慴	⿰忄習
慵	⿰忄庸
慷	⿰忄康
慾	⿱欲心
憇	⿱甜心
憊	⿱備心
憎	⿰忄曽
憐	⿰忄粦
憑	⿱馮心
憔	⿰忄焦
憙	⿱喜心
憚	⿰忄單
憤	⿰忄賁
憧	⿰忄童
憫	⿰忄閔
憬	⿰忄景
憮	⿰忄無
憶	⿰忄意
憺	⿰忄詹
憾	⿰忄感
懃	⿱勤心
懆	⿰忄喿
懈	⿰忄解
懊	⿰忄奧
懋	⿱楙心
懌	⿰忄睪
懍	⿰忄稟
懣	⿱滿心
懦	⿰忄需
懲	⿱徴心
懶	⿰忄頼
懸	⿱縣心
懺	⿰忄韱
懼	⿰忄瞿
懾	⿰忄聶
懿	⿰壹恣
戀	⿱䜌心
戔	⿱戈戈
戝	⿰貝戈
戟	⿰𠦝戈
戡	⿰甚戈
戦	⿰単戈
戮	⿰翏戈
戯	⿰虚戈
戰	⿰單戈
戳	⿰翟戈
房	⿸戸方
所	⿰戸斤
扁	⿸戸冊
扇	⿸戸羽
扈	⿸戸邑
扉	⿸戸非
扎	⿰扌乙
打	⿰扌丁
払	⿰扌厶
扛	⿰扌工
扞	⿰扌干
扠	⿰扌叉
扣	⿰扌口
扨	⿰扌刄
扮	⿰扌分
扱	⿰扌及
扶	⿰扌夫
批	⿰扌比
扼	⿰扌厄
找	⿰扌戈
技	⿰扌支
抂	⿰扌王
抃	⿰扌卞
抄	⿰扌少
抉	⿰扌夬
把	⿰扌巴
抒	⿰扌予
抓	⿰扌爪
抔	⿰扌不
投	⿰扌殳
抖	⿰扌斗
抗	⿰扌亢
折	⿰扌斤
抜	⿰扌友
択	⿰扌尺
披	⿰扌皮
抬	⿰扌台
抱	⿰扌包
抵	⿰扌氐
抹	⿰扌末
抻	⿰扌申
押	⿰扌甲
抽	⿰扌由
拂	⿰扌弗
担	⿰扌旦
拆	⿰扌斥
拇	⿰扌母
拈	⿰扌占
拉	⿰扌立
拊	⿰扌付
拌	⿰扌半
拍	⿰扌白
拏	⿱奴手
拑	⿰扌甘
拒	⿰扌巨
拓	⿰扌石
拔	⿰扌犮
拗	⿰扌幼
拘	⿰扌句
拙	⿰扌出
招	⿰扌召
拠	⿰扌処
拡	⿰扌広
括	⿰扌舌
拭	⿰扌式
拮	⿰扌吉
拯	⿰扌丞
拱	⿰扌共
拵	⿰扌存
拷	⿰扌考
拾	⿰扌合
拿	⿱合手
持	⿰扌寺
挂	⿰扌圭
指	⿰扌旨
按	⿰扌安
挌	⿰扌各
挑	⿰扌兆
挟	⿰扌夹
挧	⿰扌羽
挨	⿰扌矣
挫	⿰扌坐
振	⿰扌辰
挺	⿰扌廷
挽	⿰扌免
挾	⿰扌夾
捉	⿰扌足
捌	⿰扌別
捍	⿰扌旱
捐	⿰扌肙
捕	⿰扌甫
捗	⿰扌歩
捜	⿰扌叟
捧	⿰扌奉
捨	⿰扌舎
捩	⿰扌戻
捫	⿰扌門
据	⿰扌居
捲	⿰扌巻
捶	⿰扌垂
捺	⿰扌奈
捻	⿰扌念
掀	⿰扌欣
掃	⿰扌帚
授	⿰扌受
掉	⿰扌卓
掌	⿱尚手
掎	⿰扌奇
排	⿰扌非
掖	⿰扌夜
掘	⿰扌屈
掛	⿰扌卦
掟	⿰扌定
掠	⿰扌京
採	⿰扌采
掣	⿱制手
接	⿰扌妾
控	⿰扌空
推	⿰扌隹
掩	⿰扌奄
措	⿰扌昔
掫	⿰扌取
掬	⿰扌匊
掲	⿰扌曷
掴	⿰扌国
掵	⿰扌命
掾	⿰扌彖
揀	⿰扌柬
揃	⿰扌前
揄	⿰扌兪
揆	⿰扌癸
揉	⿰扌柔
描	⿰扌苗
提	⿰扌是
插	⿰扌臿
揖	⿰扌咠
揚	⿰扌昜
換	⿰扌奐
握	⿰扌屋
揣	⿰扌耑
揩	⿰扌皆
揮	⿰扌軍
援	⿰扌爰
揶	⿰扌耶
揺	⿰扌䍃
搆	⿰扌冓
損	⿰扌員
搏	⿰扌尃
搓	⿰扌差
搖	⿰扌䍃
搗	⿰扌島
搜	⿰扌叟
搦	⿰扌弱
搬	⿰扌般
搭	⿰扌荅
搶	⿰扌倉
携	⿰扌隽
搾	⿰扌窄
摎	⿰扌翏
摑	⿰扌國
摘	⿰扌啇
摧	⿰扌崔
摩	⿸麻手
摯	⿱執手
摶	⿰扌專
摸	⿰扌莫
摺	⿰扌習
撈	⿰扌勞
撒	⿰扌散
撓	⿰扌堯
撕	⿰扌斯
撚	⿰扌然
撞	⿰扌童
撥	⿰扌發
撩	⿰扌尞
撫	⿰扌無
播	⿰扌番
撮	⿰扌最
撰	⿰扌巽
撲	⿰扌菐
撹	⿰扌覚
撻	⿰扌達
撼	⿰扌感
擁	⿰扌雍
擂	⿰扌雷
擅	⿰扌亶
擇	⿰扌睪
操	⿰扌喿
擒	⿰扌禽
擔	⿰扌詹
擘	⿱辟手
據	⿰扌豦
擠	⿰扌齊
擡	⿰扌臺
擢	⿰扌翟
擣	⿰扌壽
擦	⿰扌察
擧	⿱與手
擬	⿰扌疑
擯	⿰扌賓
擱	⿰扌閣
擲	⿰扌鄭
擴	⿰扌廣
擶	⿰扌箭
擺	⿰扌罷
擽	⿰扌樂
擾	⿰扌憂
攀	⿱樊手
攅	⿰扌賛
攘	⿰扌襄
攜	⿰扌巂
攝	⿰扌聶
攣	⿱䜌手
攤	⿰扌難
攪	⿰扌覺
攫	⿰扌矍
攬	⿰扌覽
支	⿱十又
攴	⿱卜又
攵	⿱𠂉乂
攸	⿰亻丨
改	⿰己攵
攻	⿰工攵
放	⿰方攵
政	⿰正攵
敄	⿰矛攵
故	⿰古攵
效	⿰交攵
敍	⿰余攴
敏	⿰毎攵
救	⿰求攵
敕	⿰束攵
敗	⿰貝攵
敘	⿰余攵
教	⿰孝攵
敞	⿰尚攵
敦	⿰享攵
敬	⿰苟攵
数	⿰娄攵
敲	⿰高攴
整	⿱敕正
敵	⿰啇攵
敷	⿰旉攵
數	⿰婁攵
斂	⿰僉攵
斃	⿱敝死
文	⿱亠乂
斈	⿱文子
斌	⿰文武
斐	⿱非文
料	⿰米斗
斛	⿰角斗
斜	⿰余斗
斟	⿰甚斗
斧	⿱父斤
斫	⿰石斤
斬	⿰車斤
斯	⿰其斤
斷	⿰㡭斤
旉	⿱甫方
旙	⿰方番
既	⿰艮旡
旦	⿱日一
旧	⿰丨日
旨	⿱匕日
早	⿱日十
旭	⿺九日
旱	⿱日干
旺	⿰日王
旻	⿱日文
昃	⿱日仄
昆	⿱日比
昇	⿱日升
昊	⿱日天
昌	⿱日日
明	⿰日月
昏	⿱氏日
易	⿱日勿
昜	⿱旦勿
星	⿱日生
映	⿰日央
春	⿱𡗗日
昧	⿰日未
昨	⿰日乍
昭	⿰日召
是	⿱日疋
昴	⿱日卯
昵	⿰日尼
昶	⿺永日
昷	⿱日皿
显	⿱日业
昿	⿰日広
晁	⿱日兆
時	⿰日寺
晃	⿱日光
晄	⿰日光
晋	⿱亚日
晏	⿱日安
晒	⿰日西
晝	⿱聿旦
晞	⿰日希
晟	⿱日成
晢	⿱折日
晤	⿰日吾
晦	⿰日毎
晧	⿰日告
晨	⿱日辰
晩	⿰日免
普	⿱並日
景	⿱日京
晰	⿰日析
晴	⿰日青
智	⿱知日
暁	⿰日尭
暃	⿱日非
暄	⿰日宣
暇	⿰日叚
暈	⿱日軍
暉	⿰日軍
暎	⿰日英
暑	⿱日者
暖	⿰日爰
暗	⿰日音
暘	⿰日昜
暝	⿰日冥
暢	⿰申昜
暫	⿱斬日
暮	⿱莫日
暴	⿱日㳟
暼	⿱敝日
暾	⿰日敦
曄	⿰日華
曇	⿱日雲
曉	⿰日堯
曖	⿰日愛
曙	⿰日署
曚	⿰日蒙
曜	⿰日翟
曝	⿰日暴
曠	⿰日廣
曦	⿰日羲
曩	⿱日襄
曷	⿱日匃
書	⿱聿日
最	⿱日取
朋	⿰月月
朏	⿰月出
朔	⿰屰月
朕	⿰月关
朖	⿰月良
朗	⿰良月
朝	⿰𠦝月
朞	⿱其月
期	⿰其月
朦	⿰月蒙
朧	⿰月龍
札	⿰木乙
朴	⿰木卜
朶	⿱乃木
朷	⿰木刀
朸	⿰木力
机	⿰木几
朽	⿰木丂
杁	⿰木入
杆	⿰木干
杉	⿰木彡
李	⿱木子
杏	⿱木口
材	⿰木才
村	⿰木寸
杓	⿰木勺
杖	⿰木丈
杙	⿰木弋
杜	⿰木土
杞	⿰木己
杠	⿰木工
条	⿱夂木
杢	⿱木工
杣	⿰木山
杤	⿰木万
杪	⿰木少
杭	⿰木亢
杯	⿰木不
杰	⿱木灬
杲	⿱日木
杳	⿱木日
杵	⿰木午
杷	⿰木巴
杼	⿰木予
松	⿰木公
板	⿰木反
枅	⿰木开
枇	⿰木比
枉	⿰木王
枋	⿰木方
枌	⿰木分
析	⿰木斤
枕	⿰木冘
林	⿰木木
枚	⿰木攵
枝	⿰木支
枠	⿰木卆
枡	⿰木升
枢	⿰木区
枦	⿰木戸
枩	⿱木公
枯	⿰木古
枳	⿰木只
架	⿱加木
枷	⿰木加
枸	⿰木句
枹	⿰木包
枼	⿱世木
柁	⿰木它
柄	⿰木丙
柆	⿰木立
柊	⿰木冬
柎	⿰木付
柏	⿰木白
某	⿱甘木
柑	⿰木甘
柔	⿱矛木
柘	⿰木石
柚	⿰木由
柝	⿰木斥
柞	⿰木乍
柤	⿰木且
柧	⿰木瓜
柮	⿰木出
柯	⿰木可
柱	⿰木主
柳	⿰木卯
柴	⿱此木
柵	⿰木冊
査	⿱木且
柾	⿰木正
柿	⿰木市
栂	⿰木母
栓	⿰木全
栖	⿰木西
栗	⿱覀木
栞	⿱幵木
校	⿰木交
栢	⿰木百
栩	⿰木羽
株	⿰木朱
栫	⿰木存
栲	⿰木考
核	⿰木亥
根	⿰木艮
格	⿰木各
桀	⿱舛木
桁	⿰木行
桂	⿰木圭
桃	⿰木兆
框	⿰木匡
案	⿱安木
桍	⿰木夸
桎	⿰木至
桐	⿰木同
桓	⿰木亘
桔	⿰木吉
桙	⿰木牟
桝	⿰木舛
桟	⿰木戋
档	⿰木当
桧	⿰木会
桴	⿰木孚
桶	⿰木甬
桷	⿰木角
桾	⿰木君
桿	⿰木旱
梃	⿰木廷
梅	⿰木毎
梍	⿰木皀
梏	⿰木告
梓	⿰木辛
梔	⿰木巵
梗	⿰木更
梛	⿰木那
梟	⿱鳥木
梠	⿰木呂
梢	⿰木肖
梦	⿱林夕
梧	⿰木吾
梨	⿱利木
梭	⿰木夋
梯	⿰木弟
械	⿰木戒
梱	⿰木困
梳	⿰木㐬
梵	⿱林凡
梶	⿰木尾
梹	⿰木兵
梺	⿱林下
梼	⿰木寿
棆	⿰木侖
棉	⿰木帛
棊	⿱其木
棋	⿰木其
棍	⿰木昆
棒	⿰木奉
棔	⿰木昏
棕	⿰木宗
棗	⿱朿朿
棘	⿰朿朿
棚	⿰木朋
棟	⿰木東
棠	⿱尚呆
棡	⿰木岡
棣	⿰木隶
棧	⿰木戔
森	⿱木林
棯	⿰木念
棲	⿰木妻
棹	⿰木卓
棺	⿰木官
椀	⿰木宛
椁	⿰木享
椄	⿰木妾
椅	⿰木奇
椈	⿰木匊
椋	⿰木京
椌	⿰木空
植	⿰木直
椎	⿰木隹
椏	⿰木亞
椒	⿰木叔
椙	⿰木昌
椚	⿰木門
椛	⿰木花
検	⿰木㑒
椡	⿰木到
椢	⿰木国
椣	⿰木典
椥	⿰木知
椦	⿰木劵
椨	⿰木府
椪	⿰木並
椰	⿰木耶
椴	⿰木段
椹	⿰木甚
椽	⿰木彖
椿	⿰木春
楊	⿰木昜
楓	⿰木風
楔	⿰木契
楚	⿱林疋
楜	⿰木胡
楝	⿰木柬
楠	⿰木南
楡	⿰木兪
楢	⿰木酋
楪	⿰木枼
楫	⿰木咠
楮	⿰木者
楯	⿰木盾
楳	⿰木某
楴	⿰木帝
極	⿰木亟
楷	⿰木皆
楸	⿰木秋
楹	⿰木盈
楼	⿰木娄
楾	⿰木泉
榁	⿰木室
概	⿰木既
榊	⿰木神
榎	⿰木夏
榑	⿰木尃
榔	⿰木郎
榕	⿰木容
榛	⿰木秦
榜	⿰木旁
榠	⿰木冥
榧	⿰木匪
榮	⿱𤇾木
榱	⿰木衰
榲	⿰木𥁕
榴	⿰木留
榾	⿰木骨
榿	⿰木豈
槁	⿰木高
槃	⿱般木
槇	⿰木眞
槊	⿱朔木
構	⿰木冓
槌	⿰木追
槍	⿰木倉
槎	⿰木差
槐	⿰木鬼
槓	⿰木貢
槙	⿰木真
槝	⿰木島
槞	⿰木竜
槧	⿱斬木
槨	⿰木郭
槫	⿰木專
槭	⿰木戚
槲	⿰木斛
槹	⿰木皐
槻	⿰木規
槽	⿰木曹
槿	⿰木堇
樅	⿰木從
樊	⿱棥大
樋	⿰木通
樌	⿰木貫
樒	⿰木密
樓	⿰木婁
樔	⿰木巢
樗	⿰木雩
標	⿰木票
樛	⿰木翏
樞	⿰木區
樟	⿰木章
模	⿰木莫
樢	⿰木鳥
横	⿰木黄
樫	⿰木堅
樮	⿰木䙳
樵	⿰木焦
樶	⿰木最
樸	⿰木菐
樺	⿰木華
樽	⿰木尊
橄	⿰木敢
橇	⿰木毳
橈	⿰木堯
橋	⿰木喬
橘	⿰木矞
橙	⿰木登
機	⿰木幾
橡	⿰木象
橢	⿰木隋
橦	⿰木童
橲	⿰木喜
橸	⿰木晶
橿	⿰木畺
檀	⿰木亶
檄	⿰木敫
檍	⿰木意
檎	⿰木禽
檐	⿰木詹
檗	⿱辟木
檜	⿰木會
檠	⿱敬木
檢	⿰木僉
檣	⿰木嗇
檪	⿰木楽
檬	⿰木蒙
檮	⿰木壽
檳	⿰木賓
檸	⿰木寧
檻	⿰木監
櫁	⿰木蜜
櫂	⿰木翟
櫃	⿰木匱
櫓	⿰木魯
櫚	⿰木閭
櫛	⿰木節
櫞	⿰木縁
櫟	⿰木樂
櫨	⿰木盧
櫪	⿰木歴
櫻	⿰木嬰
欄	⿰木闌
欅	⿰木擧
欒	⿱䜌木
欖	⿰木覽
欟	⿰木觀
次	⿰冫欠
欣	⿰斤欠
欧	⿰区欠
欲	⿰谷欠
欷	⿰希欠
欸	⿰矣欠
欹	⿰奇欠
欺	⿰其欠
欽	⿰金欠
歃	⿰臿欠
歇	⿰曷欠
歉	⿰兼欠
歐	⿰區欠
歔	⿰虚欠
歙	⿰翕欠
歛	⿰僉欠
歟	⿰與欠
此	⿰止匕
歩	⿱止少
歪	⿱丕正
殀	⿰歹夭
殃	⿰歹央
殆	⿰歹台
殉	⿰歹旬
殊	⿰歹朱
残	⿰歹戋
殍	⿰歹孚
殕	⿰歹咅
殖	⿰歹直
殘	⿰歹戔
殞	⿰歹員
殤	⿰歹𬀷
殪	⿰歹壹
殫	⿰歹單
殯	⿰歹賓
殱	⿰歹裁
殲	⿰歹韱
殳	⿱几又
殴	⿰区殳
殸	⿰声殳
殹	⿰医殳
殻	⿰壳殳
毆	⿰區殳
毎	⿱𠂉毋
毒	⿱龶毋
毓	⿰毎㐬
毘	⿱田比
毚	⿱㲋兔
毟	⿱少毛
毬	⿺毛求
毯	⿺毛炎
氈	⿰亶毛
氐	⿱氏一
氓	⿰亡民
永	⿱丶水
氾	⿰氵卩
汀	⿰氵丁
汁	⿰氵十
汎	⿰氵凡
汐	⿰氵夕
汕	⿰氵山
汗	⿰氵干
汝	⿰氵女
汞	⿱工水
江	⿰氵工
池	⿰氵也
汢	⿰氵土
汨	⿰氵日
汪	⿰氵王
汰	⿰氵太
汲	⿰氵及
汳	⿰氵反
決	⿰氵夬
汽	⿰氵气
汾	⿰氵分
沁	⿰氵心
沂	⿰氵斤
沃	⿰氵夭
沈	⿰氵冘
沌	⿰氵屯
沍	⿰氵互
沐	⿰氵木
沓	⿱水日
沖	⿰氵中
沙	⿰氵少
沚	⿰氵止
沛	⿰氵市
没	⿰氵殳
沢	⿰氵尺
沫	⿰氵末
沮	⿰氵且
沱	⿰氵它
河	⿰氵可
沸	⿰氵弗
油	⿰氵由
沺	⿰氵田
治	⿰氵台
沼	⿰氵召
沽	⿰氵古
沾	⿰氵占
沿	⿰氵㕣
況	⿰氵兄
泄	⿰氵世
泅	⿰氵囚
泉	⿱白水
泊	⿰氵白
泌	⿰氵必
泓	⿰氵弘
法	⿰氵去
泙	⿰氵平
泛	⿰氵乏
泝	⿰氵斥
泡	⿰氵包
波	⿰氵皮
泣	⿰氵立
泥	⿰氵尼
注	⿰氵主
泪	⿰氵目
泯	⿰氵民
泰	⿱𡗗氺
泱	⿰氵央
泳	⿰氵永
洋	⿰氵羊
洌	⿰氵列
洒	⿰氵西
洗	⿰氵先
洙	⿰氵朱
洛	⿰氵各
洞	⿰氵同
洟	⿰氵夷
津	⿰氵聿
洩	⿰氵曳
洪	⿰氵共
洫	⿰氵血
洲	⿰氵州
洳	⿰氵如
洵	⿰氵旬
洶	⿰氵匈
洸	⿰氵光
活	⿰氵舌
洽	⿰氵合
派	⿰氵𠂢
流	⿰氵㐬
浄	⿰氵争
浅	⿰氵戋
浙	⿰氵折
浚	⿰氵夋
浜	⿰氵兵
浣	⿰氵完
浤	⿰氵宏
浦	⿰氵甫
浩	⿰氵告
浪	⿰氵良
浬	⿰氵里
浮	⿰氵孚
浴	⿰氵谷
海	⿰氵毎
浹	⿰氵夾
涂	⿰氵余
消	⿰氵肖
涌	⿰氵甬
涎	⿰氵延
涓	⿰氵肙
涕	⿰氵弟
涙	⿰氵戻
涛	⿰氵寿
涜	⿰氵売
液	⿰氵夜
涵	⿰氵函
涸	⿰氵固
涼	⿰氵京
淀	⿰氵定
淅	⿰氵析
淆	⿰氵肴
淇	⿰氵其
淋	⿰氵林
淌	⿰氵尚
淑	⿰氵叔
淒	⿰氵妻
淙	⿰氵宗
淞	⿰氵松
淡	⿰氵炎
淤	⿰氵於
淦	⿰氵金
淨	⿰氵爭
淪	⿰氵侖
淬	⿰氵卒
淮	⿰氵隹
淳	⿰氵享
淵	⿰氵𣶒
混	⿰氵昆
淹	⿰氵奄
淺	⿰氵戔
添	⿰氵忝
清	⿰氵青
渇	⿰氵曷
済	⿰氵斉
渉	⿰氵歩
渓	⿰氵奚
渙	⿰氵奐
渚	⿰氵者
減	⿰氵咸
渝	⿰氵兪
渟	⿰氵亭
渡	⿰氵度
渣	⿰氵査
渤	⿰氵勃
渥	⿰氵屋
渦	⿰氵咼
温	⿰氵昷
渫	⿰氵枼
測	⿰氵則
渭	⿰氵胃
渮	⿰氵苛
港	⿰氵巷
渺	⿰氵眇
渾	⿰氵軍
湃	⿰氵拜
湊	⿰氵奏
湍	⿰氵耑
湎	⿰氵面
湖	⿰氵胡
湘	⿰氵相
湛	⿰氵甚
湟	⿰氵皇
湧	⿰氵勇
湫	⿰氵秋
湮	⿰氵垔
湯	⿰氵昜
湲	⿰氵爰
湶	⿰氵泉
湾	⿰氵弯
溂	⿰氵剌
溌	⿰氵発
溏	⿰氵唐
源	⿰氵原
溘	⿰氵盍
溜	⿰氵留
溝	⿰氵冓
溟	⿰氵冥
溢	⿰氵益
溥	⿰氵尃
溪	⿰氵奚
溯	⿰氵朔
溲	⿰氵叟
溶	⿰氵容
溺	⿰氵弱
溽	⿰氵辱
滂	⿰氵旁
滄	⿰氵倉
滉	⿰氵晃
滋	⿰氵兹
滌	⿰氵條
滑	⿰氵骨
滓	⿰氵宰
滔	⿰氵舀
滕	⿰月劵
滝	⿰氵竜
滞	⿰氵帯
滬	⿰氵扈
滯	⿰氵帶
滲	⿰氵參
滴	⿰氵啇
滷	⿰氵鹵
滸	⿰氵許
滾	⿰氵袞
漁	⿰氵魚
漂	⿰氵票
漆	⿰氵桼
漉	⿰氵鹿
漑	⿰氵既
漓	⿰氵离
演	⿰氵寅
漕	⿰氵曹
漠	⿰氵莫
漣	⿰氵連
漫	⿰氵曼
漬	⿰氵責
漲	⿰氵張
漸	⿰氵斬
漿	⿱將水
潔	⿰氵絜
潘	⿰氵番
潜	⿰氵替
潟	⿰氵舄
潤	⿰氵閏
潦	⿰氵尞
潭	⿰氵覃
潮	⿰氵朝
潯	⿰氵尋
潰	⿰氵貴
潴	⿰氵猪
潺	⿰氵孱
潼	⿰氵童
澀	⿰氵歰
澄	⿰氵登
澆	⿰氵堯
澎	⿰氵彭
澑	⿰氵畱
澗	⿰氵間
澡	⿰氵喿
澣	⿰氵幹
澤	⿰氵睪
澪	⿰氵零
澱	⿰氵殿
澳	⿰氵奧
澹	⿰氵詹
激	⿰氵敫
濁	⿰氵蜀
濂	⿰氵廉
濃	⿰氵農
濆	⿰氵賁
濔	⿰氵爾
濕	⿰氵㬎
濘	⿰氵寧
濛	⿰氵蒙
濟	⿰氵齊
濠	⿰氵豪
濡	⿰氵需
濤	⿰氵壽
濫	⿰氵監
濬	⿰氵睿
濮	⿰氵僕
濯	⿰氵翟
濱	⿰氵賓
濺	⿰氵賤
濾	⿰氵慮
瀁	⿰氵養
瀆	⿰氵𧶠
瀉	⿰氵寫
瀋	⿰氵審
瀏	⿰氵劉
瀑	⿰氵暴
瀕	⿰氵頻
瀘	⿰氵盧
瀚	⿰氵翰
瀝	⿰氵歴
瀞	⿰氵静
瀟	⿰氵蕭
瀦	⿰氵豬
瀧	⿰氵龍
瀬	⿰氵頼
瀰	⿰氵彌
瀲	⿰氵斂
瀾	⿰氵闌
灑	⿰氵麗
灘	⿰氵難
灣	⿰氵彎
灯	⿰火丁
灰	⿸厂火
灸	⿱久火
灼	⿰火勺
災	⿱巛火
炉	⿰火戸
炊	⿰火欠
炎	⿱火火
炏	⿰火火
炒	⿰火少
炙	⿱月火
炬	⿰火巨
炭	⿱山灰
炮	⿰火包
炯	⿰火冋
炳	⿰火丙
炸	⿰火乍
点	⿱占灬
烈	⿱列灬
烋	⿱休灬
烙	⿰火各
烟	⿰火因
烱	⿰火冏
烹	⿱亨灬
烽	⿰火夆
焙	⿰火咅
焚	⿱林火
焜	⿰火昆
焦	⿱隹灬
焰	⿰火臽
焼	⿰火尭
煉	⿰火東
煌	⿰火皇
煎	⿱前灬
煕	⿱巸灬
煖	⿰火爰
煙	⿰火垔
煤	⿰火某
煥	⿰火奐
照	⿱昭灬
煩	⿰火頁
煬	⿰火昜
煮	⿱者灬
煽	⿰火扇
熄	⿰火息
熊	⿱能灬
熔	⿰火容
熕	⿰火貢
熟	⿱孰灬
熨	⿱尉火
熬	⿱敖灬
熱	⿱埶灬
熹	⿱喜灬
燃	⿰火然
燈	⿰火登
燉	⿰火敦
燎	⿰火尞
燐	⿰火粦
燒	⿰火堯
燔	⿰火番
燗	⿰火間
營	⿱𤇾呂
燠	⿰火奧
燥	⿰火喿
燦	⿰火粲
燧	⿰火遂
燬	⿰火毀
燭	⿰火蜀
燵	⿰火達
燻	⿰火熏
燼	⿰火盡
燿	⿰火翟
爆	⿰火暴
爍	⿰火樂
爐	⿰火盧
爛	⿰火闌
爬	⿺爪巴
爺	⿱父耶
爻	⿱乂乂
爼	⿰爻且
牀	⿰爿木
牆	⿰爿嗇
版	⿰片反
牋	⿰片戔
牌	⿰片卑
牒	⿰片枼
牘	⿰片賣
牝	⿰牛匕
牟	⿱厶牛
牡	⿰牛土
牢	⿱宀牛
牧	⿰牛攵
物	⿰牛勿
牲	⿰牛生
特	⿰牛寺
牽	⿱玄牛
牾	⿰牛吾
犁	⿱利牛
犒	⿰牛高
犖	⿱𤇾牛
犠	⿰牛義
犢	⿰牛賣
犧	⿰牛羲
犯	⿰⺨㔾
犲	⿰⺨才
状	⿰⺦犬
犹	⿰⺨尤
狂	⿰⺨王
狃	⿰⺨丑
狄	⿰⺨火
狆	⿰⺨中
狎	⿰⺨甲
狐	⿰⺨瓜
狒	⿰⺨弗
狗	⿰⺨句
狙	⿰⺨且
狛	⿰⺨白
狠	⿰⺨艮
狡	⿰⺨交
狢	⿰⺨各
狩	⿰⺨守
独	⿰⺨虫
狭	⿰⺨夹
狷	⿰⺨肙
狸	⿰⺨里
狹	⿰⺨夾
狼	⿰⺨良
狽	⿰⺨貝
猊	⿰⺨兒
猖	⿰⺨昌
猗	⿰⺨奇
猛	⿰⺨孟
猜	⿰⺨青
猝	⿰⺨卒
猟	⿰⺨鼡
猥	⿰⺨畏
猩	⿰⺨星
猪	⿰⺨者
猫	⿰⺨苗
献	⿰南犬
猯	⿰⺨耑
猴	⿰⺨侯
猶	⿰⺨酋
猷	⿰酋犬
猾	⿰⺨骨
猿	⿰⺨袁
獅	⿰⺨師
獎	⿱將犬
獏	⿰⺨莫
獗	⿰⺨厥
獨	⿰⺨蜀
獪	⿰⺨會
獰	⿰⺨寧
獲	⿰⺨蒦
獺	⿰⺨頼
玄	⿱亠幺
玖	⿰王久
玩	⿰王元
玲	⿰王令
玳	⿰王代
玻	⿰王皮
珀	⿰王白
珂	⿰王可
珈	⿰王加
珊	⿰王冊
珎	⿰王尓
珞	⿰王各
珠	⿰王朱
珥	⿰王耳
珪	⿰王圭
珸	⿰王吾
現	⿰王見
球	⿰王求
琅	⿰王良
理	⿰王里
琉	⿰王㐬
琢	⿰王豕
琥	⿰王虎
琲	⿰王非
琳	⿰王林
琺	⿰王法
琿	⿰王軍
瑁	⿰王冒
瑕	⿰王叚
瑚	⿰王胡
瑛	⿰王英
瑜	⿰王兪
瑞	⿰王耑
瑠	⿰王留
瑤	⿰王䍃
瑩	⿱𤇾玉
瑪	⿰王馬
瑯	⿰王郎
瑰	⿰王鬼
瑳	⿰王差
瑶	⿰王䍃
瑾	⿰王堇
璃	⿰王离
璋	⿰王章
璞	⿰王菐
璢	⿰王畱
璧	⿱辟玉
環	⿰王睘
璽	⿱爾玉
瓊	⿰王夐
瓏	⿰王龍
瓔	⿰王嬰
瓠	⿰夸瓜
瓢	⿰票瓜
瓧	⿺瓦十
瓩	⿺瓦千
瓮	⿱公瓦
瓰	⿺瓦分
瓱	⿺瓦毛
瓲	⿺瓦屯
瓶	⿰并瓦
瓷	⿱次瓦
瓸	⿺瓦百
甃	⿱秋瓦
甄	⿰垔瓦
甅	⿺瓦厘
甌	⿰區瓦
甎	⿰專瓦
甑	⿰曽瓦
甓	⿱辟瓦
甕	⿱雍瓦
甚	⿱甘匹
甜	⿰舌甘
甞	⿱尚甘
甥	⿰生男
甦	⿺更生
甬	⿱マ用
男	⿱田力
町	⿰田丁
甼	⿱田丁
甾	⿱巛田
畄	⿱⺍田
畆	⿰亩厶
畉	⿰田夫
畊	⿰田井
畋	⿰田攵
界	⿱田介
畍	⿰田介
畑	⿰火田
畔	⿰田半
留	⿱卯田
畜	⿱玄田
畝	⿰亩久
畠	⿱白田
畤	⿰田寺
略	⿰田各
畦	⿰田圭
畧	⿱田各
畩	⿰田衣
番	⿱釆田
畭	⿰田余
異	⿱田共
畱	⿱丣田
畴	⿰田寿
當	⿱尚田
畸	⿰田奇
疇	⿰田壽
疎	⿰疋束
疏	⿰疋㐬
疔	⿸疒丁
疚	⿸疒久
疝	⿸疒山
疣	⿸疒尤
疥	⿸疒介
疫	⿸疒殳
疱	⿸疒包
疲	⿸疒皮
疳	⿸疒甘
疵	⿸疒此
疸	⿸疒旦
疼	⿸疒冬
疽	⿸疒且
疾	⿸疒矢
痂	⿸疒加
痃	⿸疒玄
病	⿸疒丙
症	⿸疒正
痊	⿸疒全
痍	⿸疒夷
痒	⿸疒羊
痔	⿸疒寺
痕	⿸疒艮
痘	⿸疒豆
痙	⿸疒巠
痛	⿸疒甬
痞	⿸疒否
痢	⿸疒利
痣	⿸疒志
痩	⿸疒叟
痰	⿸疒炎
痲	⿸疒林
痳	⿸疒林
痴	⿸疒知
痺	⿸疒卑
痼	⿸疒固
痾	⿸疒阿
痿	⿸疒委
瘁	⿸疒卒
瘉	⿸疒兪
瘋	⿸疒風
瘍	⿸疒昜
瘟	⿸疒𥁕
瘠	⿸疒脊
瘡	⿸疒倉
瘢	⿸疒般
瘤	⿸疒留
瘧	⿸疒虐
瘰	⿸疒累
瘴	⿸疒章
瘻	⿸疒婁
療	⿸疒尞
癆	⿸疒勞
癇	⿸疒閒
癈	⿸疒發
癌	⿸疒嵒
癒	⿸疒愈
癖	⿸疒辟
癘	⿸疒萬
癜	⿸疒殿
癡	⿸疒疑
癢	⿸疒養
癧	⿸疒歴
癨	⿸疒霍
癩	⿸疒頼
癪	⿸疒積
癬	⿸疒鮮
癰	⿸疒雝
癲	⿸疒顛
癸	⿱癶天
登	⿱癶豆
百	⿱一白
皀	⿱白匕
皃	⿱白儿
的	⿰白勺
皅	⿰白巴
皆	⿱比白
皇	⿱白王
皈	⿰白反
皋	⿱白夲
皎	⿰白交
皓	⿰白告
皖	⿰白完
皙	⿱析白
皚	⿰白豈
皰	⿰皮包
皴	⿰夋皮
皸	⿰軍皮
皹	⿰皮軍
皺	⿰芻皮
盂	⿱于皿
盃	⿱不皿
盆	⿱分皿
盈	⿱夃皿
盍	⿱去皿
盒	⿱合皿
盖	⿱羊皿
盗	⿱次皿
盛	⿱成皿
盞	⿱戔皿
盟	⿱明皿
盤	⿱般皿
盪	⿱湯皿
盲	⿱亡目
相	⿰木目
盻	⿰目兮
省	⿱少目
眄	⿰目正
眇	⿰目少
眈	⿰目冘
眛	⿰目未
眞	⿱匕具
真	⿱十具
眠	⿰目民
眤	⿰目尼
眥	⿱此目
眦	⿰目此
眩	⿰目玄
眸	⿰目牟
眺	⿰目兆
眼	⿰目艮
睇	⿰目弟
睚	⿰目厓
睛	⿰目青
睡	⿰目垂
督	⿱叔目
睨	⿰目兒
睪	⿱罒幸
睫	⿰目疌
睹	⿰目者
睾	⿱血幸
瞋	⿰目眞
瞎	⿰目害
瞑	⿰目冥
瞠	⿰目堂
瞥	⿱敝目
瞬	⿰目舜
瞭	⿰目尞
瞰	⿰目敢
瞳	⿰目童
瞶	⿰目貴
瞹	⿰目愛
瞻	⿰目詹
瞼	⿰目僉
瞽	⿱鼓目
矇	⿰目蒙
矍	⿱瞿隻
矚	⿰目屬
矜	⿰矛今
矞	⿱矛冏
矣	⿱厶矢
知	⿰矢口
矧	⿰矢引
矩	⿰矢巨
短	⿰矢豆
矮	⿰矢委
矯	⿰矢喬
矼	⿰石工
砂	⿰石少
砌	⿰石切
砒	⿰石比
研	⿰石开
砕	⿰石卆
砠	⿰石且
砦	⿱此石
砧	⿰石占
砲	⿰石包
破	⿰石皮
砿	⿰石広
硅	⿰石圭
硝	⿰石肖
硫	⿰石㐬
硬	⿰石更
硯	⿰石見
硲	⿰石谷
硴	⿰石花
硼	⿰石朋
碁	⿱其石
碆	⿱波石
碇	⿰石定
碍	⿰石㝵
碎	⿰石卒
碑	⿰石卑
碓	⿰石隹
碕	⿰石奇
碗	⿰石宛
碚	⿰石咅
碣	⿰石曷
碩	⿰石頁
碪	⿰石甚
碵	⿰石貞
確	⿰石寉
碼	⿰石馬
碾	⿰石展
磁	⿰石兹
磅	⿰石旁
磆	⿰石骨
磋	⿰石差
磐	⿱般石
磑	⿰石豈
磔	⿰石桀
磚	⿰石專
磧	⿰石責
磨	⿸麻石
磬	⿱殸石
磯	⿰石幾
磴	⿰石登
磽	⿰石堯
礁	⿰石焦
礇	⿰石奧
礎	⿰石楚
礑	⿰石當
礒	⿰石義
礙	⿰石疑
礦	⿰石廣
礫	⿰石樂
礬	⿱樊石
礼	⿰礻乙
社	⿰礻土
祀	⿰示巳
祁	⿰示⻏
祇	⿰示氏
祈	⿰礻斤
祉	⿰礻止
祐	⿰礻右
祓	⿰示犮
祕	⿰示必
祖	⿰礻且
祚	⿰示乍
祝	⿰礻兄
神	⿰礻申
祟	⿱出示
祠	⿰示司
祢	⿰礻尓
祥	⿰礻羊
票	⿱覀示
祷	⿰礻寿
祺	⿰示其
禀	⿱㐭示
禁	⿱林示
禅	⿰礻単
禊	⿰示契
禍	⿰礻咼
禎	⿰礻貞
福	⿰礻畐
禦	⿱御示
禧	⿰示喜
禪	⿰示單
禮	⿰示豊
禰	⿰示爾
禱	⿰示壽
禳	⿰示襄
离	⿱㐫禸
禽	⿱人离
禾	⿱丿木
禿	⿱禾儿
秀	⿱禾乃
私	⿰禾厶
秋	⿰禾火
科	⿰禾斗
秒	⿰禾少
秕	⿰禾比
秘	⿰禾必
租	⿰禾且
秡	⿰禾犮
秣	⿰禾末
秤	⿰禾平
秦	⿱𡗗禾
秧	⿰禾央
秩	⿰禾失
秬	⿰禾巨
称	⿰禾尓
移	⿰禾多
稀	⿰禾希
稈	⿰禾旱
程	⿰禾呈
稍	⿰禾肖
税	⿰禾兌
稔	⿰禾念
稗	⿰禾卑
稘	⿰禾其
稙	⿰禾直
稚	⿰禾隹
稟	⿱㐭禾
稠	⿰禾周
種	⿰禾重
稻	⿰禾舀
稼	⿰禾家
稾	⿱高禾
稿	⿰禾高
穂	⿰禾恵
穃	⿰禾容
穉	⿰禾犀
積	⿰禾責
穐	⿰禾亀
穗	⿰禾惠
穡	⿰禾嗇
穢	⿰禾歳
穣	⿰禾㐮
穫	⿰禾蒦
穰	⿰禾襄
穴	⿱宀八
究	⿱穴九
穹	⿱穴弓
空	⿱穴工
穽	⿱穴井
穿	⿱穴牙
突	⿱穴大
窃	⿱穴切
窄	⿱穴乍
窈	⿱穴幼
窒	⿱穴至
窕	⿱穴兆
窖	⿱穴告
窘	⿱穴君
窟	⿱穴屈
窩	⿱穴咼
窮	⿱穴躬
窯	⿱穴羔
窰	⿱穴䍃
窶	⿱穴婁
窺	⿱穴規
窿	⿱穴隆
竄	⿱穴鼠
竅	⿱穴敫
竇	⿱穴賣
立	⿱亠厶
竍	⿰立十
竏	⿰立千
竒	⿱立可
竓	⿰立毛
竕	⿰立分
站	⿰立占
竚	⿰立宁
竝	⿰立立
竟	⿱音儿
章	⿱音早
竡	⿰立百
竢	⿰立矣
竣	⿰立夋
童	⿱立里
竦	⿰立束
竭	⿰立曷
端	⿰立耑
竰	⿰立厘
竸	⿰竟竟
竺	⿱竹二
竿	⿱竹干
笂	⿱竹丸
笄	⿱竹开
笆	⿱竹巴
笈	⿱竹及
笊	⿱竹爪
笋	⿱竹尹
笏	⿱竹勿
笑	⿱竹夭
笘	⿱竹占
笙	⿱竹生
笛	⿱竹由
笞	⿱竹台
笠	⿱竹立
笥	⿱竹司
符	⿱竹付
笨	⿱竹本
笳	⿱竹加
笵	⿱竹氾
笶	⿱竹矢
笹	⿱竹世
筅	⿱竹先
筆	⿱竹聿
筈	⿱竹舌
等	⿱竹寺
筋	⿱竹肋
筌	⿱竹全
筍	⿱竹旬
筏	⿱竹伐
筐	⿱竹匡
筒	⿱竹同
答	⿱竹合
策	⿱竹朿
筝	⿱竹争
筥	⿱竹呂
筧	⿱竹見
筬	⿱竹成
筮	⿱竹巫
筰	⿱竹作
筱	⿱竹攸
筴	⿱竹夾
筵	⿱竹延
筺	⿱竹匡
箇	⿱竹固
箋	⿱竹戔
箏	⿱竹爭
箒	⿱竹帚
箔	⿱竹泊
箕	⿱竹其
箙	⿱竹服
箜	⿱竹空
箝	⿱竹拑
箟	⿱竹昆
管	⿱竹官
箪	⿱竹単
箭	⿱竹前
箱	⿱竹相
箴	⿱竹咸
箸	⿱竹者
節	⿱竹即
篁	⿱竹皇
篆	⿱竹彖
篇	⿱竹扁
築	⿱筑木
篌	⿱竹侯
篝	⿱竹冓
篠	⿱竹條
篤	⿱竹馬
篥	⿱竹栗
篦	⿱竹𣬉
篩	⿱竹師
篭	⿱竹竜
篳	⿱竹畢
篶	⿱竹焉
篷	⿱竹逢
簀	⿱竹責
簇	⿱竹族
簍	⿱竹婁
簑	⿱竹衰
簓	⿱竹彫
簔	⿱竹衰
簗	⿱竹梁
簞	⿱竹單
簟	⿱竹覃
簡	⿱竹間
簣	⿱竹貴
簧	⿱竹黃
簫	⿱竹肅
簷	⿱竹詹
簽	⿱竹僉
簾	⿱竹廉
簿	⿱竹溥
籃	⿱竹監
籌	⿱竹壽
籏	⿱竹旗
籐	⿱竹滕
籔	⿱竹數
籘	⿱竹縢
籟	⿱竹頼
籠	⿱竹龍
籤	⿱竹韱
籥	⿱竹龠
籬	⿱竹離
籵	⿰米十
籾	⿰米刃
粁	⿰米千
粂	⿱久米
粃	⿰米比
粉	⿰米分
粋	⿰米卆
粍	⿰米毛
粐	⿰米戸
粒	⿰米立
粕	⿰米白
粗	⿰米且
粘	⿰米占
粟	⿱覀米
粡	⿰米同
粢	⿱次米
粦	⿱米舛
粧	⿰米庄
粨	⿰米百
粫	⿰米而
粭	⿰米合
粮	⿰米良
粳	⿰米更
粹	⿰米卒
粽	⿰米宗
精	⿰米青
糀	⿰米花
糂	⿰米甚
糅	⿰米柔
糊	⿰米胡
糎	⿰米厘
糖	⿰米唐
糘	⿰米家
糜	⿸麻米
糞	⿱米異
糟	⿰米曹
糠	⿰米康
糢	⿰米莫
糧	⿰米量
糯	⿰米需
糺	⿰糸乙
系	⿱丿糸
糾	⿰糸丩
紀	⿰糸己
紂	⿰糸寸
約	⿰糸勺
紅	⿰糸工
紆	⿰糸于
紊	⿱文糸
紋	⿰糸文
納	⿰糸内
紐	⿰糸丑
純	⿰糸屯
紕	⿰糸比
紗	⿰糸少
紙	⿰糸氏
級	⿰糸及
紛	⿰糸分
紜	⿰糸云
素	⿱龶糸
紡	⿰糸方
紫	⿱此糸
紬	⿰糸由
紮	⿱札糸
累	⿱田糸
細	⿰糸田
紲	⿰糸世
紳	⿰糸申
紵	⿰糸宁
紹	⿰糸召
紺	⿰糸甘
紿	⿰糸台
終	⿰糸冬
絃	⿰糸玄
組	⿰糸且
絅	⿰糸冋
絆	⿰糸半
絋	⿰糸広
経	⿰糸圣
絎	⿰糸行
絏	⿰糸曳
結	⿰糸吉
絖	⿰糸光
絞	⿰糸交
絡	⿰糸各
絢	⿰糸旬
絣	⿰糸并
給	⿰糸合
絨	⿰糸戎
絮	⿱如糸
統	⿰糸充
絲	⿰糸糸
絵	⿰糸会
絶	⿰糸色
絹	⿰糸肙
絽	⿰糸呂
綉	⿰糸秀
綏	⿰糸妥
經	⿰糸巠
続	⿰糸売
綛	⿰糸忍
綜	⿰糸宗
綟	⿰糸戻
綢	⿰糸周
綣	⿰糸卷
綫	⿰糸戔
綬	⿰糸受
維	⿰糸隹
綰	⿰糸官
綱	⿰糸岡
網	⿰糸罔
綵	⿰糸采
綸	⿰糸侖
綺	⿰糸奇
綻	⿰糸定
綽	⿰糸卓
綿	⿰糸帛
緇	⿰糸甾
緋	⿰糸非
総	⿰糸忩
緑	⿰糸彔
緒	⿰糸者
緕	⿰糸斉
緘	⿰糸咸
線	⿰糸泉
緜	⿰帛系
緝	⿰糸咠
緞	⿰糸段
締	⿰糸帝
緤	⿰糸枼
編	⿰糸扁
緩	⿰糸爰
緬	⿰糸面
緯	⿰糸韋
緲	⿰糸眇
練	⿰糸東
緻	⿰糸致
縁	⿰糸彖
縄	⿰糸电
縅	⿰糸威
縉	⿰糸晉
縊	⿰糸益
縋	⿰糸追
縒	⿰糸差
縛	⿰糸尃
縞	⿰糸高
縟	⿰糸辱
縡	⿰糸宰
縣	⿰県系
縦	⿰糸従
縫	⿰糸逢
縮	⿰糸宿
縱	⿰糸從
縲	⿰糸累
縵	⿰糸曼
縷	⿰糸婁
縹	⿰糸票
縺	⿰糸連
縻	⿸麻糸
績	⿰糸責
繁	⿱敏糸
繃	⿰糸崩
繆	⿰糸翏
繍	⿰糸粛
織	⿰糸戠
繕	⿰糸善
繖	⿰糸散
繙	⿰糸番
繚	⿰糸尞
繝	⿰糸間
繞	⿰糸堯
繡	⿰糸肅
繦	⿰糸強
繧	⿰糸雲
繩	⿰糸黽
繪	⿰糸會
繰	⿰糸喿
繹	⿰糸睪
繻	⿰糸需
繼	⿰糸㡭
繽	⿰糸賓
繿	⿰糸監
纂	⿱算糸
纃	⿰糸齊
纈	⿰糸頡
纉	⿰糸賛
續	⿰糸賣
纎	⿰糸裁
纏	⿰糸廛
纓	⿰糸嬰
纔	⿰糸毚
纖	⿰糸韱
纜	⿰糸覽
缸	⿰缶工
缺	⿰缶夬
罎	⿰缶曇
罕	⿱罒干
罘	⿱罒不
罟	⿱罒古
罠	⿱罒民
罣	⿱罒圭
罧	⿱罒林
罨	⿱罒奄
罩	⿱罒卓
罪	⿱罒非
罫	⿱罒卦
置	⿱罒直
罰	⿱罒䚯
署	⿱罒者
罵	⿱罒馬
罷	⿱罒能
罸	⿱罒討
罹	⿱罒惟
羂	⿱罒絹
羃	⿱罒幕
羅	⿱罒維
羆	⿱罷熊
羈	⿱罒䩻
羌	⿱羊儿
美	⿱⺷大
羔	⿱羊灬
羚	⿰⺶令
羣	⿱君羊
群	⿰君羊
義	⿱羊我
羯	⿰羊曷
羲	⿱⺷我
羶	⿰羊亶
羹	⿱羔美
翁	⿱公羽
翅	⿺支羽
翆	⿱羽卆
翊	⿰立羽
翌	⿱羽立
習	⿱羽白
翔	⿰羊羽
翕	⿱合羽
翟	⿱羽隹
翠	⿱羽卒
翡	⿱非羽
翦	⿱前羽
翩	⿰扁羽
翫	⿰習元
翳	⿱殹羽
翹	⿺堯羽
翻	⿰番羽
翼	⿱羽異
耀	⿰光翟
老	⿸耂匕
考	⿸耂丂
耄	⿱老毛
者	⿸耂日
耆	⿱老日
耋	⿱老至
耐	⿰而寸
耑	⿱山而
耕	⿰耒井
耗	⿰耒毛
耘	⿰耒云
耙	⿰耒巴
耡	⿰耒助
耨	⿰耒辱
耶	⿰耳⻏
耻	⿰耳止
耽	⿰耳冘
耿	⿰耳火
聆	⿰耳令
聊	⿰耳卯
聒	⿰耳舌
聘	⿰耳甹
聟	⿱知耳
聢	⿰耳定
聲	⿱殸耳
聳	⿱從耳
職	⿰耳戠
聹	⿰耳寧
聾	⿱龍耳
肆	⿰長聿
肋	⿰月力
肌	⿰月几
肓	⿱亡月
肖	⿱⺌月
肘	⿰月寸
肙	⿱口月
肚	⿰月土
肛	⿰月工
肝	⿰月干
股	⿰月殳
肢	⿰月支
肥	⿰月巴
肩	⿸戸月
肪	⿰月方
肬	⿰月尤
肭	⿰月内
肯	⿱止月
肴	⿱乂有
肺	⿰月市
胃	⿱田月
胄	⿱由月
胆	⿰月旦
背	⿱北月
胎	⿰月台
胖	⿰月半
胙	⿰月乍
胚	⿰月丕
胛	⿰月甲
胞	⿰月包
胡	⿰古月
胥	⿱疋月
胯	⿰月夸
胱	⿰月光
胴	⿰月同
胸	⿰月匈
胼	⿰月并
脂	⿰月旨
脅	⿱劦月
脆	⿰月危
脇	⿰月劦
脈	⿰月𠂢
脉	⿰月永
脚	⿰月却
脛	⿰月巠
脣	⿱辰月
脯	⿰月甫
脱	⿰月兌
脹	⿰月長
脾	⿰月卑
腆	⿰月典
腋	⿰月夜
腐	⿸府肉
腑	⿰月府
腓	⿰月非
腔	⿰月空
腕	⿰月宛
腟	⿰月室
腥	⿰月星
腫	⿰月重
腮	⿰月思
腰	⿰月要
腱	⿰月建
腴	⿰月臾
腸	⿰月昜
腹	⿰月复
腺	⿰月泉
腿	⿰月退
膀	⿰月旁
膂	⿱旅月
膃	⿰月𥁕
膈	⿰月鬲
膊	⿰月尃
膏	⿱高月
膓	⿰月𬀷
膕	⿰月國
膚	⿸虍胃
膜	⿰月莫
膠	⿰月翏
膣	⿰月窒
膤	⿰月雪
膨	⿰月彭
膩	⿰月貳
膰	⿰月番
膳	⿰月善
膵	⿰月萃
膽	⿰月詹
膾	⿰月會
膿	⿰月農
臀	⿱殿月
臂	⿱辟月
臆	⿰月意
臈	⿰月葛
臉	⿰月僉
臍	⿰月齊
臑	⿰月需
臓	⿰月蔵
臙	⿰月燕
臚	⿰月盧
臟	⿰月藏
臠	⿱䜌肉
臥	⿰臣人
臭	⿱自大
致	⿰至攵
臻	⿰至秦
臽	⿱𠂊臼
舀	⿱⺤臼
舁	⿱臼廾
舂	⿱𡗗臼
舅	⿱臼男
舌	⿱千口
舍	⿱人舌
舎	⿱人吉
舐	⿰舌氏
舒	⿰舍予
舖	⿰舍甫
舘	⿰舍官
舛	⿰夕㐄
舩	⿰舟公
航	⿰舟亢
舫	⿰舟方
般	⿰舟殳
舮	⿰舟戸
舳	⿰舟由
舵	⿰舟它
舶	⿰舟白
舷	⿰舟玄
舸	⿰舟可
船	⿰舟㕣
艀	⿰舟孚
艇	⿰舟廷
艘	⿰舟叟
艙	⿰舟倉
艚	⿰舟曹
艝	⿰舟雪
艟	⿰舟童
艢	⿰舟嗇
艤	⿰舟義
艦	⿰舟監
艨	⿰舟蒙
艪	⿰舟魯
艫	⿰舟盧
色	⿱𠂊巴
艶	⿰豊色
艷	⿰豐色
艾	⿱艹乂
芋	⿱艹于
芍	⿱艹勺
芒	⿱艹亡
芙	⿱艹夫
芝	⿱艹之
芟	⿱艹殳
芥	⿱艹介
芦	⿱艹戸
芫	⿱艹元
芬	⿱艹分
芭	⿱艹巴
芯	⿱艹心
花	⿱艹化
芳	⿱艹方
芸	⿱艹云
芹	⿱艹斤
芽	⿱艹牙
苅	⿱艹刈
苑	⿱艹夗
苒	⿱艹冉
苓	⿱艹令
苔	⿱艹台
苗	⿱艹田
苙	⿱艹立
苛	⿱艹可
苜	⿱艹目
苞	⿱艹包
苟	⿱艹句
苡	⿱艹以
苣	⿱艹巨
若	⿱艹右
苦	⿱艹古
苧	⿱艹宁
苫	⿱艹占
英	⿱艹央
苳	⿱艹冬
苴	⿱艹且
苹	⿱艹平
苺	⿱艹母
苻	⿱艹付
茂	⿱艹戊
范	⿱艹氾
茄	⿱艹加
茅	⿱艹矛
茆	⿱艹卯
茉	⿱艹末
茎	⿱艹圣
茖	⿱艹各
茗	⿱艹名
茜	⿱艹西
茣	⿱艹呉
茨	⿱艹次
茯	⿱艹伏
茱	⿱艹朱
茴	⿱艹回
茵	⿱艹因
茸	⿱艹耳
茹	⿱艹如
荀	⿱艹旬
荅	⿱艹合
草	⿱艹早
荊	⿱艹刑
荏	⿱艹任
荐	⿱艹存
荘	⿱艹壮
荳	⿱艹豆
荵	⿱艹忍
荷	⿱艹何
荻	⿱艹狄
荼	⿱艹余
莅	⿱艹位
莇	⿱艹助
莉	⿱艹利
莊	⿱艹壯
莎	⿱艹沙
莓	⿱艹毎
莖	⿱艹巠
莚	⿱艹延
莞	⿱艹完
莟	⿱艹含
莠	⿱艹秀
莢	⿱艹夾
莨	⿱艹良
莪	⿱艹我
莱	⿱艹来
莵	⿱艹兎
菁	⿱艹青
菅	⿱艹官
菊	⿱艹匊
菎	⿱艹昆
菓	⿱艹果
菖	⿱艹昌
菘	⿱艹松
菜	⿱艹采
菠	⿱艹波
菩	⿱艹咅
菰	⿱艹孤
菲	⿱艹非
菴	⿱艹奄
菷	⿱艹帚
菻	⿱艹林
菽	⿱艹叔
萃	⿱艹卒
萇	⿱艹長
萊	⿱艹來
萋	⿱艹妻
萌	⿱艹明
萍	⿱艹泙
萎	⿱艹委
萓	⿱艹宜
萠	⿱艹朋
萢	⿱艹泡
萪	⿱艹科
萬	⿱艹禺
萱	⿱艹宣
萵	⿱艹咼
萸	⿱艹臾
萼	⿱艹咢
落	⿱艹洛
葆	⿱艹保
葉	⿱艹枼
葎	⿱艹律
著	⿱艹者
葡	⿱艹匍
董	⿱艹重
葦	⿱艹韋
葩	⿱艹皅
葫	⿱艹胡
葭	⿱艹叚
葮	⿱艹段
葯	⿱艹約
葱	⿱艹怱
葵	⿱艹癸
葷	⿱艹軍
葹	⿱艹施
葺	⿱艹咠
蒂	⿱艹帝
蒄	⿱艹冠
蒋	⿱艹将
蒐	⿱艹鬼
蒔	⿱艹時
蒡	⿱艹旁
蒦	⿱艹隻
蒭	⿱艹芻
蒲	⿱艹浦
蒸	⿱艹烝
蒹	⿱艹兼
蒻	⿱艹弱
蒼	⿱艹倉
蒿	⿱艹高
蓁	⿱艹秦
蓄	⿱艹畜
蓉	⿱艹容
蓊	⿱艹翁
蓋	⿱艹盍
蓍	⿱艹耆
蓐	⿱艹辱
蓑	⿱艹衰
蓖	⿱艹𣬉
蓙	⿱艹座
蓚	⿱艹修
蓬	⿱艹逢
蓮	⿱艹連
蓴	⿱艹專
蓼	⿱艹翏
蓿	⿱艹宿
蔀	⿱艹部
蔓	⿱艹曼
蔔	⿱艹匐
蔕	⿱艹帶
蔗	⿱艹庶
蔘	⿱艹參
蔚	⿱艹尉
蔟	⿱艹族
蔡	⿱艹祭
蔣	⿱艹將
蔦	⿱艹鳥
蔬	⿱艹疏
蔭	⿱艹陰
蔽	⿱艹敝
蕀	⿱艹棘
蕁	⿱艹尋
蕃	⿱艹番
蕈	⿱艹覃
蕉	⿱艹焦
蕎	⿱艹喬
蕕	⿱艹猶
蕗	⿱艹路
蕘	⿱艹堯
蕣	⿱艹舜
蕨	⿱艹厥
蕩	⿱艹湯
蕪	⿱艹無
蕭	⿱艹肅
蕷	⿱艹預
蕾	⿱艹雷
薀	⿱艹温
薄	⿱艹溥
薇	⿱艹微
薈	⿱艹會
薐	⿱艹稜
薑	⿱艹畺
薔	⿱艹嗇
薗	⿱艹園
薙	⿱艹雉
薜	⿱艹辟
薪	⿱艹新
薬	⿱艹楽
薮	⿱艹数
薯	⿱艹署
薹	⿱艹臺
薺	⿱艹齊
藁	⿱蒿木
藍	⿱艹監
藏	⿱艹臧
藐	⿱艹貌
藜	⿱艹黎
藤	⿱艹滕
藥	⿱艹樂
藩	⿱艹潘
藪	⿱艹數
藷	⿱艹諸
藹	⿱艹謁
藻	⿱艹澡
藾	⿱艹頼
蘆	⿱艹盧
蘋	⿱艹頻
蘖	⿱薛木
蘗	⿱薜木
蘚	⿱艹鮮
蘢	⿱艹龍
蘭	⿱艹闌
蘯	⿱蕩皿
蘰	⿱艹縵
蘿	⿱艹羅
虎	⿸虍儿
虒	⿸厂虎
虔	⿸虍文
處	⿸虍処
虚	⿸虍业
虜	⿸虍男
虞	⿸虍呉
號	⿰号虎
虱	⿴⺄䖝
虹	⿰虫工
虻	⿰虫亡
蚊	⿰虫文
蚋	⿰虫内
蚌	⿰虫丰
蚓	⿰虫引
蚕	⿱天虫
蚣	⿰虫公
蚤	⿱叉虫
蚪	⿰虫斗
蚫	⿰虫包
蚯	⿰虫丘
蚰	⿰虫由
蚶	⿰虫甘
蛄	⿰虫古
蛆	⿰虫且
蛇	⿰虫它
蛉	⿰虫令
蛋	⿱疋虫
蛔	⿰虫回
蛙	⿰虫圭
蛛	⿰虫朱
蛞	⿰虫舌
蛟	⿰虫交
蛤	⿰虫合
蛬	⿱共虫
蛭	⿰虫至
蛮	⿱亦虫
蛯	⿰虫老
蛸	⿰虫肖
蛹	⿰虫甬
蛻	⿰虫兌
蛾	⿰虫我
蜂	⿰虫夆
蜃	⿱辰虫
蜆	⿰虫見
蜈	⿰虫呉
蜉	⿰虫孚
蜊	⿰虫利
蜍	⿰虫余
蜑	⿱延虫
蜒	⿰虫延
蜘	⿰虫知
蜚	⿱非虫
蜜	⿱宓虫
蜥	⿰虫析
蜩	⿰虫周
蜴	⿰虫易
蜷	⿰虫卷
蜻	⿰虫青
蜿	⿰虫宛
蝉	⿰虫単
蝋	⿰虫鼡
蝌	⿰虫科
蝎	⿰虫曷
蝓	⿰虫兪
蝕	⿰⻞虫
蝗	⿰虫皇
蝙	⿰虫扁
蝟	⿰虫胃
蝠	⿰虫畐
蝦	⿰虫叚
蝪	⿰虫昜
蝮	⿰虫复
蝴	⿰虫胡
蝶	⿰虫枼
蝸	⿰虫咼
蝿	⿰虫电
螂	⿰虫郎
融	⿰鬲虫
螟	⿰虫冥
螢	⿱𤇾虫
螫	⿱赦虫
螯	⿱敖虫
螳	⿰虫堂
螺	⿰虫累
螻	⿰虫婁
蟀	⿰虫率
蟄	⿱執虫
蟆	⿰虫莫
蟇	⿱莫虫
蟋	⿰虫悉
蟐	⿰虫常
蟒	⿰虫莽
蟠	⿰虫番
蟬	⿰虫單
蟯	⿰虫堯
蟶	⿰虫聖
蟷	⿰虫當
蟹	⿱解虫
蟻	⿰虫義
蟾	⿰虫詹
蠅	⿰虫黽
蠍	⿰虫歇
蠏	⿰虫解
蠑	⿰虫榮
蠕	⿰虫需
蠖	⿰虫蒦
蠱	⿱蟲皿
蠻	⿱䜌虫
衂	⿰血刄
衄	⿰血丑
衫	⿰衤彡
衲	⿰衤内
衵	⿰衤日
衽	⿰衤壬
衾	⿱今衣
衿	⿰衤今
袂	⿰衤夬
袈	⿱加衣
袋	⿱代衣
袍	⿰衤包
袒	⿰衤旦
袖	⿰衤由
袙	⿰衤白
袢	⿰衤半
被	⿰衤皮
袮	⿰衤尓
袰	⿱母衣
袱	⿰衤伏
袴	⿰衤夸
袵	⿰衤任
袷	⿰衤合
袿	⿰衤圭
裂	⿱列衣
裄	⿰衤行
装	⿱壮衣
裔	⿱衣冏
裕	⿰衤谷
裘	⿱求衣
裙	⿰衤君
補	⿰衤甫
裝	⿱壯衣
裟	⿱沙衣
裡	⿰衤里
裲	⿰衤兩
裳	⿱尚衣
裴	⿱非衣
裸	⿰衤果
裼	⿰衤易
製	⿱制衣
裾	⿰衤居
褂	⿰衤卦
褄	⿰衤妻
複	⿰衤复
褊	⿰衤扁
褌	⿰衤軍
褐	⿰衤曷
褓	⿰衤保
褝	⿰衤単
褞	⿰衤𥁕
褥	⿰衤辱
褪	⿰衤退
褫	⿰衤虒
褶	⿰衤習
褸	⿰衤婁
襁	⿰衤強
襌	⿰衤單
襍	⿰衤集
襖	⿰衤奥
襞	⿱辟衣
襟	⿰衤禁
襠	⿰衤當
襤	⿰衤監
襦	⿰衤需
襪	⿰衤蔑
襭	⿰衤頡
襯	⿰衤親
襲	⿱龍衣
襴	⿰衤闌
襷	⿰衤擧
要	⿱覀女
覃	⿱覀早
覆	⿱覀復
覇	⿱覀䩗
覈	⿱覀敫
見	⿱目儿
規	⿰夫見
覓	⿱⺤見
視	⿰礻見
覗	⿰司見
覘	⿰占見
覡	⿰巫見
覦	⿰兪見
覩	⿰者見
覬	⿰豈見
覯	⿰冓見
覲	⿰堇見
覺	⿱𦥯見
覿	⿰賣見
觚	⿰角瓜
觜	⿱此角
触	⿰角虫
觧	⿰角羊
觴	⿰角𬀷
觸	⿰角蜀
訂	⿰言丁
訃	⿰言卜
計	⿰言十
訌	⿰言工
討	⿰言寸
訐	⿰言干
訓	⿰言川
訖	⿰言乞
託	⿰言乇
記	⿰言己
訛	⿰言化
訝	⿰言牙
訟	⿰言公
訣	⿰言夬
訥	⿰言内
訪	⿰言方
設	⿰言殳
許	⿰言午
訳	⿰言尺
訴	⿰言斥
訶	⿰言可
註	⿰言主
証	⿰言正
詁	⿰言古
詈	⿱罒言
詐	⿰言乍
詑	⿰言它
詒	⿰言台
詔	⿰言召
評	⿰言平
詛	⿰言且
詞	⿰言司
詠	⿰言永
詢	⿰言旬
詣	⿰言旨
試	⿰言式
詩	⿰言寺
詫	⿰言宅
詬	⿰言后
詭	⿰言危
詮	⿰言全
詰	⿰言吉
話	⿰言舌
該	⿰言亥
詳	⿰言羊
詼	⿰言灰
誂	⿰言兆
誄	⿰言耒
誅	⿰言朱
誇	⿰言夸
誌	⿰言志
認	⿰言忍
誑	⿰言狂
誓	⿱折言
誕	⿰言延
誘	⿰言秀
誚	⿰言肖
語	⿰言吾
誠	⿰言成
誡	⿰言戒
誣	⿰言巫
誤	⿰言呉
誥	⿰言告
誦	⿰言甬
誨	⿰言毎
説	⿰言兌
読	⿰言売
誰	⿰言隹
課	⿰言果
誹	⿰言非
誼	⿰言宜
調	⿰言周
諂	⿰言臽
諄	⿰言享
談	⿰言炎
請	⿰言青
諌	⿰言東
諍	⿰言爭
諏	⿰言取
諒	⿰言京
論	⿰言侖
諚	⿰言定
諛	⿰言臾
諜	⿰言枼
諞	⿰言扁
諠	⿰言宣
諢	⿰言軍
諤	⿰言咢
諦	⿰言帝
諧	⿰言皆
諫	⿰言柬
諭	⿰言兪
諮	⿰言咨
諱	⿰言韋
諳	⿰言音
諷	⿰言風
諸	⿰言者
諺	⿰言彦
諾	⿰言若
謀	⿰言某
謁	⿰言曷
謂	⿰言胃
謌	⿰言哥
謎	⿰言迷
謔	⿰言虐
謗	⿰言旁
謙	⿰言兼
謚	⿰言益
講	⿰言冓
謝	⿰言射
謠	⿰言䍃
謡	⿰言䍃
謦	⿱殸言
謨	⿰言莫
謫	⿰言啇
謬	⿰言翏
謳	⿰言區
謹	⿰言堇
謾	⿰言曼
譁	⿰言華
證	⿰言登
譌	⿰言爲
譎	⿰言矞
譏	⿰言幾
識	⿰言戠
譚	⿰言覃
譛	⿰言替
譜	⿰言普
譟	⿰言喿
警	⿱敬言
譫	⿰言詹
譬	⿱辟言
譯	⿰言睪
議	⿰言義
譲	⿰言㐮
譴	⿰言遣
護	⿰言蒦
譽	⿱與言
讀	⿰言賣
讃	⿰言賛
變	⿱䜌攵
讌	⿰言燕
讒	⿰言毚
讓	⿰言襄
讖	⿰言韱
讚	⿰言贊
谺	⿰谷牙
谿	⿰奚谷
豁	⿰害谷
豈	⿱山豆
豊	⿱曲豆
豌	⿰豆宛
豚	⿰月豕
豦	⿸虍豕
豫	⿰予象
豬	⿰豕者
豹	⿰豸勺
豺	⿰豸才
豼	⿰豸比
貂	⿰豸召
貅	⿰豸休
貉	⿰豸各
貊	⿰豸百
貌	⿰豸皃
貍	⿰豸里
貎	⿰豸兒
貔	⿰豸𣬉
貘	⿰豸莫
貝	⿱目八
貞	⿱卜貝
負	⿱𠂊貝
財	⿰貝才
貢	⿱工貝
貧	⿱分貝
貨	⿱化貝
販	⿰貝反
貪	⿱今貝
貫	⿱毋貝
責	⿱龶貝
貯	⿰貝宁
貰	⿱世貝
貲	⿱此貝
貶	⿰貝乏
買	⿱罒貝
貸	⿱代貝
費	⿱弗貝
貼	⿰貝占
貽	⿰貝台
貿	⿱卯貝
賀	⿱加貝
賁	⿱卉貝
賂	⿰貝各
賃	⿱任貝
賄	⿰貝有
資	⿱次貝
賈	⿱覀貝
賊	⿰貝戎
賍	⿰貝庄
賎	⿰貝戔
賑	⿰貝辰
賚	⿱來貝
賜	⿰貝易
賞	⿱尚貝
賠	⿰貝咅
賤	⿰貝戔
賦	⿰貝武
賭	⿰貝者
賺	⿰貝兼
賻	⿰貝尃
購	⿰貝冓
贄	⿱執貝
贅	⿱敖貝
贇	⿱斌貝
贈	⿰貝曽
贋	⿸雁貝
贍	⿰貝詹
贐	⿰貝盡
贓	⿰貝臧
贖	⿰貝賣
赦	⿰赤攵
赫	⿰赤赤
赭	⿰赤者
走	⿱土龰
赴	⿺走卜
起	⿺走己
超	⿺走召
越	⿺走戉
趙	⿺走肖
趣	⿺走取
趨	⿺走芻
足	⿱口龰
趺	⿰足夫
趾	⿰足止
跂	⿰足支
跋	⿰足犮
跌	⿰足失
跏	⿰足加
跖	⿰足石
跚	⿰足冊
跛	⿰足皮
距	⿰足巨
跟	⿰足艮
跡	⿰足亦
跣	⿰足先
跨	⿰足夸
跪	⿰足危
路	⿰足各
跳	⿰足兆
践	⿰足戋
跼	⿰足局
跿	⿰足走
踈	⿰足束
踉	⿰足良
踊	⿰足甬
踏	⿰足沓
踐	⿰足戔
踝	⿰足果
踞	⿰足居
踟	⿰足知
踪	⿰足宗
踰	⿰足兪
踴	⿰足勇
踵	⿰足重
蹂	⿰足柔
蹄	⿰足帝
蹈	⿰足舀
蹉	⿰足差
蹊	⿰足奚
蹌	⿰足倉
蹐	⿰足脊
蹕	⿰足畢
蹙	⿱戚足
蹟	⿰足責
蹠	⿰足庶
蹤	⿰足從
蹲	⿰足尊
蹴	⿰足就
蹶	⿰足厥
蹼	⿰足菐
躁	⿰足喿
躄	⿱辟足
躅	⿰足蜀
躇	⿰足著
躊	⿰足壽
躋	⿰足齊
躍	⿰足翟
躑	⿰足鄭
躓	⿰足質
躔	⿰足廛
躡	⿰足聶
躪	⿰足藺
躬	⿰身弓
躯	⿰身区
躰	⿰身本
躱	⿰身朶
躾	⿰身美
軅	⿰身雁
軆	⿰身豊
軈	⿰身應
軋	⿰車乙
軌	⿰車九
軍	⿱冖車
軒	⿰車干
軛	⿰車厄
軟	⿰車欠
転	⿰車云
軸	⿰車由
軻	⿰車可
軼	⿰車失
軽	⿰車圣
軾	⿰車式
較	⿰車交
輅	⿰車各
輊	⿰車至
輌	⿰車両
輒	⿰車𦔮
輓	⿰車免
輔	⿰車甫
輕	⿰車巠
輙	⿰車取
輛	⿰車兩
輜	⿰車甾
輝	⿰光軍
輩	⿱非車
輪	⿰車侖
輯	⿰車咠
輳	⿰車奏
輸	⿰車兪
輹	⿰車复
輻	⿰車畐
輾	⿰車展
轄	⿰車害
轅	⿰車袁
轆	⿰車鹿
轉	⿰車專
轌	⿰車雪
轎	⿰車喬
轗	⿰車感
轜	⿰車需
轢	⿰車樂
轣	⿰車歴
轤	⿰車盧
辛	⿱立十
辜	⿱古辛
辞	⿰舌辛
辟	⿰𡰪辛
辣	⿰辛束
辱	⿱辰寸
農	⿱曲辰
辷	⿺辶一
辺	⿺⻌刀
辻	⿺辶十
込	⿺⻌入
辿	⿺辶山
迂	⿺辶于
迄	⿺辶乞
迅	⿺⻌卂
迎	⿺⻌卬
近	⿺⻌斤
返	⿺⻌反
迚	⿺辶中
迢	⿺辶召
迥	⿺辶冋
迦	⿺辶加
迩	⿺⻌尓
迪	⿺⻌由
迫	⿺⻌白
迭	⿺⻌失
迯	⿺辶外
述	⿺⻌朮
迴	⿺辶回
迷	⿺⻌米
迸	⿺辶并
迹	⿺辶亦
迺	⿺辶西
追	⿺⻌𠂤
退	⿺⻌艮
送	⿺⻌关
逃	⿺⻌兆
逅	⿺辶后
逆	⿺⻌屰
逋	⿺辶甫
逍	⿺辶肖
逎	⿺辶酉
透	⿺⻌秀
逐	⿺⻌豕
逑	⿺辶求
逓	⿺⻌乕
途	⿺⻌余
逕	⿺辶巠
逖	⿺辶狄
逗	⿺辶豆
這	⿺辶言
通	⿺⻌甬
逝	⿺⻌折
逞	⿺辶呈
速	⿺⻌束
造	⿺⻌告
逡	⿺辶夋
逢	⿺辶夆
連	⿺⻌車
逧	⿺辶谷
逮	⿺⻌隶
週	⿺⻌周
進	⿺⻌隹
逶	⿺辶委
逸	⿺⻌免
逹	⿺辶幸
逼	⿺辶畐
逾	⿺辶兪
遀	⿺辶隋
遁	⿺辶盾
遇	⿺⻌禺
遉	⿺辶貞
遊	⿺⻌斿
運	⿺⻌軍
遍	⿺⻌扁
過	⿺⻌咼
遏	⿺辶曷
遐	⿺辶叚
遑	⿺辶皇
遒	⿺辶酋
道	⿺⻌首
達	⿺辶𦍒
違	⿺⻌韋
遖	⿺辶南
遘	⿺辶冓
遙	⿺辶䍃
遜	⿺辶孫
遞	⿺辶虒
遠	⿺⻌袁
遡	⿺辶朔
遥	⿺⻌䍃
遨	⿺辶敖
適	⿺⻌啇
遭	⿺⻌曹
遮	⿺⻌庶
遯	⿺辶豚
遲	⿺辶犀
遵	⿺⻌尊
遶	⿺辶堯
選	⿺⻌巽
遺	⿺⻌貴
遼	⿺⻌尞
遽	⿺辶豦
避	⿺⻌辟
邀	⿺辶敫
邁	⿺辶萬
邂	⿺辶解
還	⿺⻌睘
邇	⿺辶爾
邏	⿺辶羅
邑	⿱口巴
邦	⿰丰⻏
邨	⿰屯⻏
邪	⿰牙⻏
邯	⿰甘⻏
邱	⿰丘⻏
邵	⿰召⻏
邸	⿰氐⻏
郁	⿰有⻏
郊	⿰交⻏
郎	⿰良⻏
郛	⿰孚⻏
郡	⿰君⻏
郢	⿰呈⻏
郤	⿰谷⻏
部	⿰咅⻏
郭	⿰享⻏
郵	⿰垂⻏
都	⿰者⻏
鄂	⿰咢⻏
鄒	⿰芻⻏
鄭	⿰奠⻏
鄰	⿰粦⻏
鄲	⿰單⻏
酊	⿰酉丁
酋	⿱八酉
酌	⿰酉勺
配	⿰酉己
酎	⿰酉寸
酒	⿰氵酉
酔	⿰酉卆
酖	⿰酉冘
酘	⿰酉殳
酢	⿰酉乍
酣	⿰酉甘
酥	⿰酉禾
酩	⿰酉名
酪	⿰酉各
酬	⿰酉州
酲	⿰酉呈
酵	⿰酉孝
酷	⿰酉告
酸	⿰酉夋
醂	⿰酉林
醇	⿰酉享
醉	⿰酉卒
醋	⿰酉昔
醍	⿰酉是
醐	⿰酉胡
醒	⿰酉星
醗	⿰酉発
醜	⿰酉鬼
醤	⿱将酉
醪	⿰酉翏
醫	⿱殹酉
醬	⿱將酉
醴	⿰酉豊
醵	⿰酉豦
醸	⿰酉㐮
醺	⿰酉熏
釀	⿰酉襄
釆	⿱丿米
采	⿱⺤木
釈	⿰釆尺
釉	⿰釆由
釋	⿰釆睪
野	⿰里予
量	⿱旦里
釐	⿸𠩺里
釖	⿰金刀
釘	⿰金丁
釛	⿰金力
釜	⿱父金
針	⿰金十
釟	⿰金八
釡	⿱八金
釣	⿰金勺
釦	⿰金口
釧	⿰金川
釵	⿰金叉
釶	⿰金也
釼	⿰金刄
釿	⿰金斤
鈍	⿰金屯
鈎	⿰金勾
鈑	⿰金反
鈔	⿰金少
鈕	⿰金丑
鈞	⿰金匀
鈩	⿰金戸
鈬	⿰金尺
鈴	⿰金令
鈷	⿰金古
鈿	⿰金田
鉄	⿰金失
鉅	⿰金巨
鉈	⿰金它
鉉	⿰金玄
鉋	⿰金包
鉐	⿰金石
鉗	⿰金甘
鉚	⿰金卯
鉛	⿰金㕣
鉞	⿰金戉
鉢	⿰金本
鉤	⿰金句
鉦	⿰金正
鉱	⿰金広
鉾	⿰金牟
銀	⿰金艮
銃	⿰金充
銅	⿰金同
銑	⿰金先
銓	⿰金全
銕	⿰金夷
銖	⿰金朱
銘	⿰金名
銚	⿰金兆
銛	⿰金舌
銭	⿰金戋
銷	⿰金肖
銹	⿰金秀
鋏	⿰金夾
鋒	⿰金夆
鋤	⿰金助
鋩	⿰金芒
鋪	⿰金甫
鋭	⿰金兌
鋲	⿰金兵
鋳	⿰金寿
鋸	⿰金居
鋺	⿰金宛
鋼	⿰金岡
錆	⿰金青
錏	⿰金亞
錐	⿰金隹
錘	⿰金垂
錙	⿰金甾
錚	⿰金爭
錠	⿰金定
錢	⿰金戔
錦	⿰金帛
錨	⿰金苗
錫	⿰金易
錬	⿰金東
錮	⿰金固
錯	⿰金昔
録	⿰金彔
錵	⿰金花
錺	⿰金芳
錻	⿰金武
鍄	⿰金京
鍋	⿰金咼
鍍	⿰金度
鍔	⿰金咢
鍖	⿰金甚
鍛	⿰金段
鍜	⿰金叚
鍠	⿰金皇
鍬	⿰金秋
鍮	⿰金兪
鍵	⿰金建
鍼	⿰金咸
鍾	⿰金重
鎌	⿰金兼
鎔	⿰金容
鎗	⿰金倉
鎚	⿰金追
鎧	⿰金豈
鎬	⿰金高
鎭	⿰金眞
鎮	⿰金真
鎰	⿰金益
鎹	⿰金送
鏃	⿰金族
鏈	⿰金連
鏐	⿰金翏
鏑	⿰金啇
鏖	⿱鹿金
鏗	⿰金堅
鏘	⿰金將
鏝	⿰金曼
鏡	⿰金竟
鏤	⿰金婁
鏥	⿰金宿
鏨	⿱斬金
鐃	⿰金堯
鐇	⿰金番
鐐	⿰金尞
鐓	⿰金敦
鐔	⿰金覃
鐘	⿰金童
鐙	⿰金登
鐚	⿰金惡
鐡	⿰金載
鐫	⿰金雋
鐵	⿰金載
鐶	⿰金睘
鐸	⿰金睪
鐺	⿰金當
鑁	⿰金𡕰
鑄	⿰金壽
鑑	⿰金監
鑓	⿰金遣
鑚	⿰金賛
鑛	⿰金廣
鑠	⿰金樂
鑢	⿰金慮
鑪	⿰金盧
鑰	⿰金龠
鑷	⿰金聶
鑼	⿰金羅
鑽	⿰金贊
鑾	⿱䜌金
钁	⿰金矍
阜	⿱𠂤十
阡	⿰⻖千
阨	⿰⻖厄
阪	⿰⻖反
阮	⿰⻖元
阯	⿰⻖止
防	⿰⻖方
阻	⿰⻖且
阿	⿰⻖可
陀	⿰⻖它
陂	⿰⻖皮
附	⿰⻖付
陌	⿰⻖百
降	⿰⻖夅
陏	⿰⻖有
限	⿰⻖艮
陜	⿰⻖夾
陟	⿰⻖歩
院	⿰⻖完
陣	⿰⻖車
除	⿰⻖余
陦	⿰⻖寿
陪	⿰⻖咅
陬	⿰⻖取
陲	⿰⻖垂
陳	⿰⻖東
陵	⿰⻖夌
陷	⿰⻖臽
陸	⿰⻖坴
険	⿰⻖㑒
陽	⿰⻖昜
隅	⿰⻖禺
隈	⿰⻖畏
隋	⿱左月
隍	⿰⻖皇
階	⿰⻖皆
隔	⿰⻖鬲
隕	⿰⻖員
隗	⿰⻖鬼
際	⿰⻖祭
障	⿰⻖章
隣	⿰⻖粦
隧	⿰⻖遂
險	⿰⻖僉
隰	⿰⻖㬎
隴	⿰⻖龍
隻	⿱隹又
隼	⿱隹十
隽	⿱隹乃
雁	⿸厂倠
雄	⿰厷隹
雅	⿰牙隹
集	⿱隹木
雇	⿸戸隹
雉	⿰矢隹
雌	⿰此隹
雎	⿰且隹
雕	⿰周隹
雛	⿰芻隹
離	⿰离隹
雪	⿱雨⺕
雫	⿱雨下
雰	⿱雨分
雲	⿱雨云
零	⿱雨令
雷	⿱雨田
雹	⿱雨包
需	⿱雨而
霄	⿱雨肖
霆	⿱雨廷
震	⿱雨辰
霈	⿱雨沛
霊	⿳雨一亚
霍	⿱雨隹
霎	⿱雨妾
霏	⿱雨非
霑	⿱雨沾
霓	⿱雨兒
霖	⿱雨林
霙	⿱雨英
霜	⿱雨相
霞	⿱雨叚
霤	⿱雨留
霧	⿱雨務
霪	⿱雨淫
霰	⿱雨散
露	⿱雨路
霸	⿱雨䩗
霹	⿱雨辟
霽	⿱雨齊
霾	⿱雨貍
靂	⿱雨歴
靄	⿱雨謁
靆	⿰雲逮
靉	⿰雲愛
青	⿱龶月
靖	⿰立青
静	⿰青争
靜	⿰青爭
靠	⿱告非
靡	⿸麻非
靤	⿰面包
靦	⿰面見
靨	⿱厭面
靫	⿰革叉
靭	⿰革刃
靱	⿰革刄
靴	⿰革化
靹	⿰革内
靺	⿰革末
靼	⿰革旦
鞁	⿰革皮
鞄	⿰革包
鞅	⿰革央
鞆	⿰革丙
鞋	⿰革圭
鞍	⿰革安
鞘	⿰革肖
鞜	⿰革沓
鞠	⿰革匊
鞣	⿰革柔
鞦	⿰革秋
鞨	⿰革曷
鞭	⿰革便
鞳	⿰革荅
韃	⿰革達
韆	⿰革遷
韈	⿰革蔑
韓	⿰𠦝韋
韜	⿰韋舀
韮	⿱艹韭
韲	⿱齊韭
音	⿱立日
韵	⿰音匀
韶	⿰音召
韻	⿰音員
響	⿱郷音
頂	⿰丁頁
頃	⿰匕頁
項	⿰工頁
順	⿰川頁
須	⿰彡頁
頌	⿰公頁
頏	⿰亢頁
預	⿰予頁
頑	⿰元頁
頒	⿰分頁
頓	⿰屯頁
頗	⿰皮頁
領	⿰令頁
頡	⿰吉頁
頬	⿰夾頁
頭	⿰豆頁
頰	⿰夾頁
頷	⿰含頁
頸	⿰巠頁
頻	⿰歩頁
頼	⿰束頁
頽	⿰禿頁
顆	⿰果頁
顋	⿰思頁
題	⿺是頁
額	⿰客頁
顎	⿰咢頁
顏	⿰彦頁
顔	⿰彦頁
顕	⿰显頁
願	⿰原頁
顚	⿰眞頁
顛	⿰真頁
顧	⿰雇頁
顫	⿰亶頁
顯	⿰㬎頁
顱	⿰盧頁
顳	⿰聶頁
颪	⿱下風
颯	⿰立風
颱	⿺風台
颶	⿺風具
飃	⿺風票
飄	⿰票風
飆	⿰猋風
飜	⿰番飛
飢	⿰飠几
飩	⿰⻞屯
飫	⿰⻞夭
飮	⿰⻞欠
飯	⿰飠反
飲	⿰飠欠
飴	⿰⻞台
飼	⿰飠司
飽	⿰飠包
餃	⿰⻞交
餅	⿰⻞并
餉	⿰⻞向
養	⿱羊食
餌	⿰⻞耳
餒	⿰⻞妥
餓	⿰飠我
餔	⿰⻞甫
餘	⿰⻞余
餝	⿰⻞芳
餞	⿰⻞戔
餠	⿰⻞并
餡	⿰⻞臽
餤	⿰⻞炎
館	⿰飠官
餬	⿰⻞胡
餮	⿱殄食
餽	⿰⻞鬼
餾	⿰⻞留
饂	⿰⻞𥁕
饅	⿰⻞曼
饉	⿰⻞堇
饋	⿰⻞貴
饌	⿰⻞巽
饐	⿰⻞壹
饑	⿰⻞幾
饒	⿰⻞堯
饕	⿱號食
饗	⿱郷食
馗	⿺九首
馘	⿰首或
香	⿱禾日
馥	⿰香复
馨	⿱殸香
馭	⿰馬又
馮	⿰冫馬
馳	⿰馬也
馴	⿰馬川
馼	⿰馬文
駁	⿰馬爻
駄	⿰馬太
駅	⿰馬尺
駆	⿰馬区
駈	⿰馬丘
駐	⿰馬主
駑	⿱奴馬
駒	⿰馬句
駕	⿱加馬
駘	⿰馬台
駛	⿰馬史
駝	⿰馬它
駢	⿰馬并
駦	⿱龹馬
駭	⿰馬亥
駮	⿰馬交
駱	⿰馬各
駲	⿰馬州
駻	⿰馬旱
駿	⿰馬夋
騁	⿰馬甹
騅	⿰馬隹
騎	⿰馬奇
騏	⿰馬其
験	⿰馬㑒
騙	⿰馬扁
騨	⿰馬単
騰	⿰月駦
騷	⿰馬蚤
騾	⿰馬累
驀	⿱莫馬
驂	⿰馬參
驃	⿰馬票
驅	⿰馬區
驍	⿰馬堯
驕	⿰馬喬
驗	⿰馬僉
驚	⿱敬馬
驛	⿰馬睪
驟	⿰馬聚
驢	⿰馬盧
驤	⿰馬襄
驥	⿰馬冀
驪	⿰馬麗
骭	⿰骨干
骰	⿰骨殳
骸	⿰骨亥
骼	⿰骨各
髀	⿰骨卑
髏	⿰骨婁
髑	⿰骨蜀
體	⿰骨豊
髞	⿰高喿
髟	⿰長彡
髢	⿱髟也
髣	⿱髟方
髦	⿱髟毛
髪	⿱髟友
髫	⿱髟召
髭	⿱髟此
髮	⿱髟犮
髯	⿱髟冉
髱	⿱髟包
髴	⿱髟弗
髷	⿱髟曲
髻	⿱髟吉
鬆	⿱髟松
鬘	⿱髟曼
鬚	⿱髟須
鬟	⿱髟睘
鬢	⿱髟賓
鬻	⿱粥鬲
魁	⿺鬼斗
魂	⿰云鬼
魃	⿺鬼犮
魄	⿰白鬼
魅	⿺鬼未
魍	⿺鬼罔
魎	⿺鬼兩
魏	⿰委鬼
魑	⿺鬼离
魔	⿸麻鬼
魘	⿸厭鬼
魯	⿱魚日
魴	⿰魚方
鮃	⿰魚平
鮎	⿰魚占
鮑	⿰魚包
鮒	⿰魚付
鮓	⿰魚乍
鮖	⿰魚石
鮗	⿰魚冬
鮟	⿰魚安
鮠	⿰魚危
鮨	⿰魚旨
鮪	⿰魚有
鮫	⿰魚交
鮭	⿰魚圭
鮮	⿰魚羊
鮴	⿰魚休
鮹	⿰魚肖
鯀	⿰魚系
鯆	⿰魚甫
鯉	⿰魚里
鯊	⿱沙魚
鯏	⿰魚利
鯑	⿰魚希
鯒	⿰魚甬
鯔	⿰魚甾
鯖	⿰魚青
鯛	⿰魚周
鯡	⿰魚非
鯢	⿰魚兒
鯣	⿰魚易
鯤	⿰魚昆
鯨	⿰魚京
鯰	⿰魚念
鯱	⿰魚虎
鯲	⿰魚於
鯵	⿰魚参
鰄	⿰魚威
鰆	⿰魚春
鰈	⿰魚枼
鰉	⿰魚皇
鰊	⿰魚柬
鰌	⿰魚酋
鰍	⿰魚秋
鰐	⿰魚咢
鰒	⿰魚复
鰓	⿰魚思
鰔	⿰魚咸
鰕	⿰魚叚
鰛	⿰魚昷
鰡	⿰魚留
鰤	⿰魚師
鰥	⿰魚眔
鰭	⿰魚耆
鰮	⿰魚𥁕
鰯	⿰魚弱
鰰	⿰魚神
鰲	⿱敖魚
鰹	⿰魚堅
鰺	⿰魚參
鰻	⿰魚曼
鰾	⿰魚票
鱆	⿰魚章
鱇	⿰魚康
鱈	⿰魚雪
鱒	⿰魚尊
鱗	⿰魚粦
鱚	⿰魚喜
鱠	⿰魚會
鱧	⿰魚豊
鱶	⿰魚養
鱸	⿰魚盧
鳧	⿱鳥几
鳩	⿰九鳥
鳫	⿸厂鳥
鳬	⿱鳥几
鳰	⿰入鳥
鳳	⿴几𩾏
鳴	⿰口鳥
鳶	⿱弋鳥
鴃	⿰鳥夬
鴆	⿰冘鳥
鴉	⿰牙鳥
鴎	⿰区鳥
鴒	⿰令鳥
鴕	⿰鳥它
鴛	⿱夗鳥
鴣	⿰古鳥
鴦	⿱央鳥
鴨	⿰甲鳥
鴪	⿰穴鳥
鴫	⿰田鳥
鴻	⿰江鳥
鴾	⿰牟鳥
鴿	⿰合鳥
鵁	⿰交鳥
鵄	⿰至鳥
鵈	⿰耳鳥
鵐	⿰巫鳥
鵑	⿰肙鳥
鵙	⿰貝鳥
鵜	⿰弟鳥
鵝	⿰我鳥
鵞	⿱我鳥
鵠	⿰告鳥
鵡	⿰武鳥
鵤	⿰角鳥
鵬	⿰朋鳥
鵯	⿰卑鳥
鵲	⿰昔鳥
鵺	⿰夜鳥
鶇	⿰東鳥
鶉	⿰享鳥
鶏	⿰奚鳥
鶚	⿰咢鳥
鶤	⿰軍鳥
鶩	⿱敄鳥
鶫	⿰柬鳥
鶯	⿱𤇾鳥
鶲	⿰翁鳥
鶴	⿰寉鳥
鶸	⿰弱鳥
鶺	⿰脊鳥
鶻	⿰骨鳥
鷁	⿰益鳥
鷂	⿰䍃鳥
鷄	⿰奚鳥
鷆	⿰眞鳥
鷏	⿰真鳥
鷓	⿰庶鳥
鷗	⿰區鳥
鷙	⿱執鳥
鷦	⿰焦鳥
鷭	⿰番鳥
鷯	⿰尞鳥
鷲	⿱就鳥
鷸	⿰矞鳥
鷺	⿱路鳥
鷽	⿱𦥯鳥
鸚	⿰嬰鳥
鸞	⿱䜌鳥
鹸	⿰鹵㑒
鹹	⿰鹵咸
麁	⿱𠂊鹿
麈	⿸鹿主
麋	⿸鹿米
麌	⿱鹿呉
麑	⿱鹿兒
麒	⿰鹿其
麓	⿱林鹿
麝	⿱鹿射
麟	⿰鹿粦
麥	⿱來夂
麦	⿱龶夂
麩	⿺麥夫
麪	⿺麥正
麭	⿺麥包
麸	⿺麦夫
麹	⿺麦匊
麺	⿺麦面
麻	⿸广林
麼	⿸麻幺
麾	⿸麻毛
麿	⿸麻呂
黄	⿳龷由八
黌	⿱𦥯黃
黏	⿰黍占
黐	⿰黍离
黑	⿱里灬
黒	⿱里灬
黔	⿰黑今
默	⿰黑犬
黛	⿱代黒
黜	⿰黑出
黝	⿰黑幼
點	⿰黑占
黠	⿰黑吉
黥	⿰黑京
黨	⿱尚黑
黯	⿰黑音
黶	⿱厭黑
黷	⿰黑𧶠
黻	⿰黹犮
黼	⿰黹甫
鼇	⿱敖黽
鼈	⿱敝黽
鼓	⿰壴支
鼕	⿱鼓冬
鼡	⿱臼用
鼬	⿺鼠由
鼻	⿱自畀
鼾	⿰鼻干
齔	⿰齒匕
齟	⿰齒且
齠	⿰齒召
齡	⿰齒令
齢	⿰歯令
齣	⿰齒句
齦	⿰齒艮
齪	⿰齒足
齬	⿰齒吾
齲	⿰齒禹
齶	⿰齒咢
齷	⿰齒屋
龕	⿱合龍
龝	⿰禾龜
龶	⿱三三
冷	⿰冫令
嶺	⿱山領
玲	⿰王令
羚	⿰羊令
聆	⿰耳令
鈴	⿰金令
零	⿱雨令
領	⿰令頁
𠂤	⿱丿㠯
𠦝	⿱十早
𠮟	⿰口七
𡰪	⿸尸口
𢆶	⿰幺幺
𣪘	⿰皀殳
𤕻	⿰爿吾
𥁕	⿱囚皿
𧒑	⿰虫鼠
